id_usuario,nombre,apellido,email,documento_identidad,telefono,fecha_nacimiento,tipo_perfil
1,Sargent,Farren,sfarren0@opera.com,5.773.412-2,+598 93 649 227,2003-03-22,Turista
2,Wilhelmina,Bestiman,wbestiman1@flickr.com,1.366.414-4,+598 93 906 073,1951-12-01,Agricultor
3,Glen,Milmo,gmilmo2@tumblr.com,5.843.135-9,+598 91 284 958,1954-02-16,Agricultor
4,Kalie,Yesenin,kyesenin3@disqus.com,391.948-7,+598 91 840 495,1998-04-19,Agricultor
5,Merrel,Comford,mcomford4@bravesites.com,2.357.910-4,+598 97 053 097,1957-07-22,Agricultor
6,Alexis,Thewys,athewys5@com.com,5.713.594-8,+598 97 710 367,1970-06-21,Turista
7,Alec,Theodoris,atheodoris6@comcast.net,3.910.581-9,+598 91 314 367,1955-08-31,Turista
8,Farley,Seacroft,fseacroft7@ycombinator.com,6.195.735-3,+598 91 791 743,1974-09-18,Agricultor
9,Milli,Normington,mnormington8@boston.com,4.998.711-4,+598 95 848 511,2000-11-12,Turista
10,Margaux,Stonnell,mstonnell9@independent.co.uk,6.812.759-8,+598 96 959 285,1978-06-19,Turista
11,Rosalinde,Thornley,rthornleya@wired.com,982.529-8,+598 96 655 939,2006-06-13,Turista
12,Johannes,MacIlhargy,jmacilhargyb@bluehost.com,2.108.492-6,+598 90 233 496,1990-01-10,Agricultor
13,Dinnie,Rossin,drossinc@paypal.com,2.612.345-0,+598 95 680 053,1971-04-16,Agricultor
14,Ivy,Greg,igregd@dedecms.com,6.688.537-9,+598 97 508 717,1981-03-08,Turista
15,Wain,Bonnell,wbonnelle@sakura.ne.jp,4.477.385-3,+598 96 993 042,1991-08-28,Turista
16,Forest,Kareman,fkaremanf@howstuffworks.com,6.354.768-5,+598 92 970 988,1988-03-18,Turista
17,Lisa,Gainsbury,lgainsburyg@rakuten.co.jp,2.887.799-6,+598 93 073 401,2004-04-29,Turista
18,Hashim,Goldsberry,hgoldsberryh@vkontakte.ru,2.695.240-5,+598 92 270 750,1979-05-16,Agricultor
19,Monty,Bernot,mbernoti@woothemes.com,4.595.921-5,+598 94 996 609,1953-04-09,Turista
20,Bette,Daniely,bdanielyj@icq.com,2.689.762-7,+598 91 595 990,1996-11-26,Turista
21,Rubina,Brazear,rbrazeark@ning.com,1.544.434-7,+598 98 766 781,1983-10-15,Turista
22,Conan,Peegrem,cpeegreml@list-manage.com,1.574.172-0,+598 98 516 618,1974-09-02,Agricultor
23,Kristan,Knappen,kknappenm@nationalgeographic.com,6.268.165-1,+598 97 445 664,1982-03-12,Agricultor
24,Maison,McKeady,mmckeadyn@163.com,1.394.463-3,+598 92 092 061,1970-02-20,Turista
25,Vi,Kopke,vkopkeo@walmart.com,3.899.488-3,+598 91 907 213,1968-03-12,Agricultor
26,Humfrid,Landers,hlandersp@tuttocitta.it,3.854.394-8,+598 99 714 570,1997-12-01,Turista
27,Maryjane,Carrol,mcarrolq@cnet.com,3.127.705-5,+598 94 017 664,1967-03-24,Agricultor
28,Levy,Pieroni,lpieronir@gmpg.org,4.993.450-5,+598 92 619 807,1951-12-16,Turista
29,Nikolas,Bacher,nbachers@fastcompany.com,1.354.761-7,+598 95 784 765,1968-12-12,Turista
30,Bernete,Thresh,bthresht@sourceforge.net,3.951.237-5,+598 95 766 154,1989-06-01,Agricultor
31,Devland,Nowell,dnowellu@ovh.net,4.676.710-6,+598 99 566 986,1992-04-12,Agricultor
32,Jacenta,Davidescu,jdavidescuv@epa.gov,1.580.154-3,+598 94 665 659,1993-12-25,Turista
33,Keane,Pirri,kpirriw@mashable.com,5.925.439-6,+598 96 606 046,1989-01-16,Agricultor
34,Janey,Boig,jboigx@twitpic.com,565.442-4,+598 93 013 127,1997-11-05,Agricultor
35,Benjamin,Custance,bcustancey@howstuffworks.com,6.664.903-6,+598 93 725 954,1999-04-29,Agricultor
36,Davina,Barukh,dbarukhz@rambler.ru,1.362.603-0,+598 95 077 746,1957-02-18,Agricultor
37,Addison,Petruska,apetruska10@elpais.com,140.223-7,+598 91 749 490,1956-07-19,Turista
38,Ingrid,Belson,ibelson11@wsj.com,6.678.898-6,+598 99 504 996,1971-11-05,Agricultor
39,Katina,Frame,kframe12@free.fr,4.170.202-3,+598 90 819 222,1997-10-04,Agricultor
40,Silvio,Castelin,scastelin13@webeden.co.uk,3.346.519-5,+598 90 032 663,1958-02-03,Turista
41,Damian,Blakeman,dblakeman14@newsvine.com,6.235.398-2,+598 94 679 843,1994-11-03,Agricultor
42,Pippy,Skett,pskett15@prweb.com,1.323.850-9,+598 95 505 033,1997-08-29,Agricultor
43,Jacqueline,Stoak,jstoak16@prnewswire.com,3.125.944-0,+598 98 968 670,1952-08-19,Agricultor
44,Kakalina,Jobson,kjobson17@github.com,2.617.879-6,+598 91 198 475,1998-03-03,Agricultor
45,Donaugh,Babbidge,dbabbidge18@salon.com,1.715.312-7,+598 93 284 061,1954-08-26,Agricultor
46,Jere,Philott,jphilott19@ifeng.com,5.285.486-9,+598 95 624 288,1987-06-05,Agricultor
47,Saraann,Dorkens,sdorkens1a@weibo.com,2.446.830-1,+598 90 040 903,1989-09-05,Agricultor
48,Ardelia,Roxburch,aroxburch1b@aol.com,4.999.415-2,+598 97 072 037,1961-03-16,Agricultor
49,Robbie,Adame,radame1c@independent.co.uk,6.288.843-5,+598 90 013 141,1967-04-27,Turista
50,Nilson,Queen,nqueen1d@cbsnews.com,4.617.581-9,+598 94 271 310,1968-07-08,Turista
51,Arthur,Waren,awaren1e@ebay.co.uk,6.449.817-3,+598 97 073 977,1992-12-07,Turista
52,Lyndsay,Skottle,lskottle1f@ftc.gov,1.688.695-2,+598 92 092 236,1963-07-11,Agricultor
53,Baryram,Simonel,bsimonel1g@vinaora.com,6.282.700-7,+598 98 123 287,1989-04-05,Turista
54,Rosemary,Adkin,radkin1h@1688.com,2.670.818-3,+598 98 640 398,2001-02-04,Agricultor
55,Lorry,Chesnay,lchesnay1i@trellian.com,1.894.760-2,+598 98 427 093,1994-03-03,Turista
56,Raphaela,Van Der Vlies,rvandervlies1j@state.tx.us,1.629.522-1,+598 94 554 648,1977-12-16,Turista
57,Chelsea,McCandie,cmccandie1k@diigo.com,5.724.251-9,+598 95 846 105,1975-08-01,Agricultor
58,Alvinia,Goncalo,agoncalo1l@oakley.com,5.287.165-7,+598 98 565 004,2000-03-08,Agricultor
59,Greggory,Sleet,gsleet1m@umich.edu,3.794.362-3,+598 97 455 617,1958-11-05,Turista
60,Jessie,Roset,jroset1n@cam.ac.uk,1.790.538-0,+598 91 359 459,1976-08-29,Turista
61,Rayner,Schiefersten,rschiefersten1o@123-reg.co.uk,4.825.171-2,+598 90 251 843,1964-12-26,Turista
62,Leola,Waldram,lwaldram1p@buzzfeed.com,3.192.657-6,+598 97 752 364,1961-11-01,Turista
63,Sansone,O'Doherty,sodoherty1q@vistaprint.com,1.536.297-5,+598 90 537 401,2001-04-28,Agricultor
64,Pietro,Patrick,ppatrick1r@sina.com.cn,622.744-2,+598 90 908 334,1983-03-13,Turista
65,Jennifer,Deeley,jdeeley1s@google.cn,2.962.858-3,+598 92 926 139,1954-06-24,Agricultor
66,Jerad,Dubois,jdubois1t@twitter.com,3.330.397-0,+598 90 115 145,1984-01-28,Turista
67,Odilia,Preskett,opreskett1u@irs.gov,2.515.661-7,+598 97 697 311,1961-06-02,Turista
68,Jammal,Gapper,jgapper1v@github.io,2.819.318-9,+598 91 705 051,1971-06-11,Turista
69,Keeley,Rizzardini,krizzardini1w@bigcartel.com,2.818.590-9,+598 92 370 298,1994-07-20,Agricultor
70,Brandi,Dawltrey,bdawltrey1x@epa.gov,1.945.602-6,+598 92 951 110,1972-07-05,Turista
71,Calley,Tippin,ctippin1y@homestead.com,2.158.568-8,+598 91 546 644,1969-01-04,Agricultor
72,Far,Meek,fmeek1z@uol.com.br,1.589.299-0,+598 93 517 143,1986-06-16,Turista
73,Boothe,Finders,bfinders20@typepad.com,6.995.317-3,+598 98 072 886,1968-08-06,Agricultor
74,Abramo,Quoit,aquoit21@mashable.com,6.972.236-8,+598 96 635 027,1958-11-10,Turista
75,Jilleen,Nancekivell,jnancekivell22@moonfruit.com,6.677.283-1,+598 92 169 682,1964-05-18,Turista
76,Doralynne,Tumasian,dtumasian23@studiopress.com,6.251.120-7,+598 94 931 626,1958-05-02,Agricultor
77,Jayne,Soppit,jsoppit24@ucoz.com,4.117.257-4,+598 92 874 543,1990-07-19,Agricultor
78,Gray,Di Frisco,gdifrisco25@phpbb.com,1.458.441-7,+598 93 654 422,1968-01-20,Agricultor
79,Xymenes,Rillatt,xrillatt26@java.com,2.855.740-5,+598 95 390 791,2003-08-06,Turista
80,Annis,Fair,afair27@nationalgeographic.com,4.701.732-2,+598 99 538 883,1986-12-21,Agricultor
81,Winona,Baber,wbaber28@google.co.uk,602.493-0,+598 95 678 686,1960-07-07,Turista
82,Erda,Drewes,edrewes29@addthis.com,1.397.337-4,+598 95 623 357,1959-11-02,Agricultor
83,Deana,Antonellini,dantonellini2a@apple.com,3.906.669-3,+598 96 943 995,1976-04-10,Turista
84,Fina,Clamp,fclamp2b@ox.ac.uk,4.523.133-7,+598 98 126 736,1979-07-12,Agricultor
85,Jena,Welds,jwelds2c@alexa.com,1.852.487-8,+598 90 426 234,1985-01-29,Agricultor
86,Barney,Maggorini,bmaggorini2d@dailymotion.com,5.733.523-7,+598 99 691 331,1960-02-29,Agricultor
87,Phyllida,Fooks,pfooks2e@studiopress.com,1.968.466-2,+598 95 417 658,1973-09-15,Turista
88,Ulrikaumeko,Ambrosch,uambrosch2f@paginegialle.it,5.645.854-4,+598 92 950 376,1959-07-23,Turista
89,Betti,Pantling,bpantling2g@ehow.com,5.497.510-0,+598 90 673 840,1968-07-31,Turista
90,Aubrey,Blindt,ablindt2h@smh.com.au,5.297.299-5,+598 92 136 390,2003-03-22,Agricultor
91,Zelig,Godmer,zgodmer2i@webnode.com,6.834.464-5,+598 98 766 024,1953-08-07,Agricultor
92,Brigit,Stock,bstock2j@ibm.com,4.728.922-7,+598 90 301 762,1979-03-26,Agricultor
93,Paloma,Farry,pfarry2k@booking.com,1.522.827-8,+598 94 508 145,2003-03-14,Turista
94,Hershel,Poutress,hpoutress2l@xing.com,2.167.774-9,+598 95 270 358,1991-09-24,Turista
95,Ransom,Colhoun,rcolhoun2m@stumbleupon.com,3.287.702-7,+598 99 936 192,1952-11-10,Agricultor
96,Hakim,Boncoeur,hboncoeur2n@shop-pro.jp,5.853.676-9,+598 95 568 662,1996-05-27,Agricultor
97,Sasha,Fazakerley,sfazakerley2o@hexun.com,5.861.249-4,+598 99 370 103,1980-11-01,Agricultor
98,Harrie,Leeman,hleeman2p@samsung.com,6.741.455-5,+598 94 604 405,1962-02-07,Agricultor
99,Siana,McGavigan,smcgavigan2q@state.tx.us,3.886.622-4,+598 98 168 692,1957-05-13,Turista
100,Charles,Treker,ctreker2r@e-recht24.de,1.145.752-1,+598 91 716 315,2001-11-02,Turista
101,Inger,McDill,imcdill2s@histats.com,4.988.465-4,+598 92 174 342,1971-06-30,Agricultor
102,Waylon,Hugueville,whugueville2t@fastcompany.com,1.393.115-2,+598 92 543 235,1951-09-19,Turista
103,Kermy,Seleway,kseleway2u@imageshack.us,6.897.985-4,+598 91 458 291,1991-05-27,Turista
104,Alejandro,Arlow,aarlow2v@naver.com,2.464.887-6,+598 98 745 714,2005-05-26,Agricultor
105,Charles,Burdon,cburdon2w@nyu.edu,3.692.508-4,+598 97 316 229,1997-02-04,Agricultor
106,Ora,Eastment,oeastment2x@hc360.com,2.231.858-9,+598 92 900 569,1954-05-27,Agricultor
107,Noe,Van den Broek,nvandenbroek2y@instagram.com,4.929.552-2,+598 98 707 870,1993-06-20,Agricultor
108,Bryn,Abramowsky,babramowsky2z@blinklist.com,6.703.732-1,+598 91 456 737,1952-12-31,Agricultor
109,Hilda,Pendall,hpendall30@wisc.edu,4.740.627-4,+598 96 713 203,1965-08-29,Turista
110,Carolina,Gath,cgath31@java.com,5.643.490-9,+598 98 921 139,1953-10-24,Turista
111,Rollie,Yakovliv,ryakovliv32@vistaprint.com,306.851-4,+598 96 415 609,1976-08-19,Turista
112,Zared,Nowakowska,znowakowska33@jimdo.com,2.777.286-3,+598 95 724 470,1959-02-17,Turista
113,Jobey,Port,jport34@instagram.com,5.450.318-1,+598 96 317 232,1980-02-20,Agricultor
114,Lurline,Belfelt,lbelfelt35@java.com,3.951.881-7,+598 92 912 047,1968-05-07,Agricultor
115,Kylie,Scheffel,kscheffel36@amazon.co.jp,6.367.448-4,+598 96 532 009,1957-07-13,Agricultor
116,Kristyn,Bruford,kbruford37@omniture.com,4.431.825-1,+598 91 133 330,1957-12-20,Agricultor
117,Shawn,Gilffilland,sgilffilland38@cbsnews.com,6.434.130-7,+598 90 878 556,1982-05-15,Agricultor
118,Bentley,Copnell,bcopnell39@uiuc.edu,6.403.320-0,+598 90 800 064,1985-09-23,Agricultor
119,Rachele,Vertey,rvertey3a@rambler.ru,902.895-5,+598 91 704 567,1960-02-23,Agricultor
120,Josee,Pettett,jpettett3b@timesonline.co.uk,4.989.704-0,+598 96 379 156,1966-04-12,Turista
121,Isaak,Mathon,imathon3c@mapy.cz,813.754-5,+598 95 586 504,1999-01-02,Agricultor
122,Farica,Cunliffe,fcunliffe3d@angelfire.com,6.741.900-2,+598 94 557 426,1966-10-04,Turista
123,Adella,Hake,ahake3e@yellowbook.com,1.499.857-7,+598 92 118 187,1986-07-15,Turista
124,Darya,Dorant,ddorant3f@google.ru,2.440.650-9,+598 90 683 243,1966-06-12,Turista
125,Pauletta,Grummitt,pgrummitt3g@1688.com,3.509.190-0,+598 93 156 188,1986-12-25,Turista
126,Dennis,Payne,dpayne3h@linkedin.com,1.779.395-7,+598 99 927 502,1975-12-06,Agricultor
127,Ward,Tunnicliff,wtunnicliff3i@dmoz.org,5.951.278-6,+598 94 499 249,1989-10-02,Agricultor
128,Perl,Corless,pcorless3j@elegantthemes.com,3.889.997-4,+598 99 627 303,1978-06-15,Turista
129,Tove,Housley,thousley3k@w3.org,6.187.736-9,+598 94 561 222,1991-08-09,Turista
130,Maggi,Plumley,mplumley3l@1und1.de,3.966.141-2,+598 98 950 697,1992-11-01,Agricultor
131,Fara,Crosswaite,fcrosswaite3m@yandex.ru,1.245.440-7,+598 99 790 641,1987-09-15,Agricultor
132,Sebastien,Gueinn,sgueinn3n@nasa.gov,3.767.207-6,+598 91 582 838,1990-10-17,Turista
133,Chiquia,Vinecombe,cvinecombe3o@joomla.org,6.874.902-9,+598 93 230 336,1974-12-17,Turista
134,Nissa,MacRonald,nmacronald3p@boston.com,4.189.885-2,+598 96 720 399,1962-01-03,Turista
135,Shirline,Molfino,smolfino3q@typepad.com,1.774.975-0,+598 92 580 706,1971-06-09,Turista
136,Celie,Gallard,cgallard3r@artisteer.com,279.254-3,+598 93 237 022,2000-02-21,Agricultor
137,Waring,Duesbury,wduesbury3s@a8.net,518.960-6,+598 90 652 552,1976-10-18,Agricultor
138,Coralyn,Hurry,churry3t@amazonaws.com,3.460.968-4,+598 92 796 898,1968-06-29,Agricultor
139,Broderick,Bracknell,bbracknell3u@ted.com,3.518.714-6,+598 95 368 625,1975-01-10,Turista
140,Chev,Gauge,cgauge3v@surveymonkey.com,1.926.165-3,+598 97 318 658,1976-08-06,Agricultor
141,Rudolfo,Sapson,rsapson3w@quantcast.com,5.336.609-6,+598 93 721 656,1975-05-22,Turista
142,Anneliese,Van der Mark,avandermark3x@netscape.com,5.835.305-2,+598 94 793 641,2004-03-06,Turista
143,Ximenez,Wadelin,xwadelin3y@google.com.br,4.129.965-4,+598 95 029 513,1989-03-25,Agricultor
144,Libbie,Langlais,llanglais3z@biblegateway.com,3.149.981-4,+598 90 983 651,1960-03-03,Agricultor
145,Paloma,Gorgen,pgorgen40@amazonaws.com,1.780.290-3,+598 95 742 766,2001-10-03,Agricultor
146,Rosette,Reast,rreast41@goo.ne.jp,6.192.971-5,+598 97 145 315,1994-12-04,Agricultor
147,Lebbie,Tucknutt,ltucknutt42@gov.uk,3.347.986-4,+598 96 322 033,2005-06-06,Agricultor
148,Helenelizabeth,O'Rodane,horodane43@java.com,3.892.194-1,+598 97 411 037,1965-02-08,Agricultor
149,Wildon,Durrington,wdurrington44@tripadvisor.com,4.118.340-9,+598 91 873 218,1967-02-12,Turista
150,Gayelord,Hitzke,ghitzke45@indiatimes.com,1.758.242-1,+598 92 834 736,1969-10-31,Turista
151,Winona,Ashfield,washfield46@telegraph.co.uk,803.974-8,+598 91 723 166,1967-12-13,Agricultor
152,Anthony,Swires,aswires47@answers.com,1.291.352-8,+598 94 970 673,1967-12-29,Turista
153,Rollie,Pack,rpack48@zimbio.com,1.224.771-4,+598 90 623 415,1954-09-12,Agricultor
154,Deloris,Domenc,ddomenc49@pen.io,2.218.994-9,+598 95 206 973,1969-04-11,Agricultor
155,Viviyan,Del Monte,vdelmonte4a@mac.com,4.818.870-4,+598 90 330 148,1951-07-21,Agricultor
156,Daveen,Ommanney,dommanney4b@latimes.com,1.320.899-3,+598 91 858 672,1996-04-29,Agricultor
157,Sheff,Ritmeier,sritmeier4c@oaic.gov.au,6.241.346-4,+598 93 206 538,1990-12-24,Agricultor
158,Lionel,Huzzay,lhuzzay4d@reference.com,5.952.864-5,+598 98 582 048,1965-11-30,Turista
159,Abbe,McGinnell,amcginnell4e@mozilla.com,6.840.638-2,+598 99 658 936,1962-01-28,Turista
160,Jillene,Chambers,jchambers4f@typepad.com,460.248-3,+598 92 126 456,1983-01-08,Agricultor
161,Ellwood,Stavers,estavers4g@shop-pro.jp,4.663.566-8,+598 95 393 906,1952-04-19,Turista
162,Karalee,Rumble,krumble4h@go.com,6.664.709-7,+598 91 899 567,1999-04-06,Agricultor
163,Prue,Shotton,pshotton4i@forbes.com,1.676.884-4,+598 92 214 376,1964-12-14,Agricultor
164,Godart,Mearns,gmearns4j@amazon.co.uk,1.358.408-4,+598 99 898 969,1954-08-01,Turista
165,Piotr,Breckin,pbreckin4k@nbcnews.com,5.178.429-4,+598 91 385 414,1980-01-23,Agricultor
166,Linnell,Goude,lgoude4l@newyorker.com,1.230.221-7,+598 90 268 705,1984-06-07,Turista
167,Cathyleen,Mullane,cmullane4m@google.ca,3.375.421-4,+598 93 150 857,1956-05-20,Turista
168,Sonni,Limeburn,slimeburn4n@twitpic.com,2.584.858-6,+598 91 871 393,1973-03-28,Turista
169,Denys,Iacovone,diacovone4o@icio.us,4.135.176-6,+598 92 099 509,1972-01-19,Turista
170,Cherri,Falco,cfalco4p@issuu.com,6.281.981-7,+598 93 249 359,1994-09-03,Agricultor
171,Krishna,Bracco,kbracco4q@timesonline.co.uk,4.480.884-3,+598 97 518 592,1958-04-22,Turista
172,Major,Hugill,mhugill4r@auda.org.au,3.316.729-3,+598 97 501 849,1967-01-18,Agricultor
173,Cam,Flecknoe,cflecknoe4s@etsy.com,5.655.889-0,+598 98 240 893,2003-07-19,Turista
174,Karisa,Kreber,kkreber4t@exblog.jp,6.748.630-1,+598 94 921 076,1960-07-29,Agricultor
175,Antonio,Franssen,afranssen4u@theglobeandmail.com,410.214-5,+598 99 783 807,1952-11-07,Agricultor
176,Kareem,Jessop,kjessop4v@huffingtonpost.com,3.831.819-0,+598 93 382 170,1987-06-13,Agricultor
177,Celinda,Boriston,cboriston4w@facebook.com,3.110.323-2,+598 93 039 228,1984-03-27,Turista
178,Gerrilee,Hairyes,ghairyes4x@amazonaws.com,5.919.655-8,+598 91 446 555,1977-02-18,Agricultor
179,Kriste,Rozenbaum,krozenbaum4y@sitemeter.com,4.447.919-5,+598 99 629 060,1978-03-19,Turista
180,Gamaliel,Kimber,gkimber4z@about.com,5.781.946-0,+598 90 526 247,1970-03-01,Turista
181,Beck,Agostini,bagostini50@phoca.cz,1.601.796-9,+598 91 611 686,1954-02-17,Agricultor
182,Mathilde,Elfleet,melfleet51@constantcontact.com,5.333.963-1,+598 90 873 324,1987-08-11,Turista
183,Grazia,Causbey,gcausbey52@scribd.com,160.432-5,+598 98 880 014,1975-06-16,Agricultor
184,Valerie,Creese,vcreese53@soup.io,2.392.745-6,+598 93 327 494,1982-05-05,Agricultor
185,Antons,Roseblade,aroseblade54@homestead.com,3.197.448-6,+598 92 024 467,1969-09-18,Agricultor
186,Yves,Bickford,ybickford55@deliciousdays.com,6.956.419-3,+598 97 196 626,1974-08-23,Turista
187,Joyous,Ragat,jragat56@furl.net,2.235.249-5,+598 93 060 542,1959-07-26,Turista
188,Roseline,Caughey,rcaughey57@csmonitor.com,2.296.807-8,+598 98 975 199,1995-07-28,Turista
189,Pamela,Sandys,psandys58@washington.edu,4.958.585-2,+598 98 458 823,2005-04-03,Turista
190,Pete,Hoodlass,phoodlass59@weibo.com,6.956.659-4,+598 96 909 685,1992-12-23,Agricultor
191,Benito,Missen,bmissen5a@cmu.edu,5.450.108-5,+598 99 745 764,1981-08-24,Turista
192,Dennis,France,dfrance5b@businessinsider.com,5.464.797-7,+598 90 176 428,1998-03-27,Turista
193,Birgitta,Greensite,bgreensite5c@purevolume.com,4.346.744-2,+598 94 591 975,2003-01-03,Agricultor
194,Suki,Greep,sgreep5d@google.nl,6.343.617-9,+598 99 677 096,1976-11-08,Turista
195,Adolf,Robertucci,arobertucci5e@oakley.com,4.911.555-1,+598 97 398 065,1973-09-05,Agricultor
196,Galina,Blunn,gblunn5f@twitpic.com,1.489.352-1,+598 91 768 213,1954-07-10,Turista
197,Marlo,Farny,mfarny5g@instagram.com,5.783.988-1,+598 93 483 965,1983-09-28,Turista
198,Gwenette,Turnor,gturnor5h@technorati.com,6.924.336-9,+598 95 282 051,1989-05-12,Agricultor
199,Samaria,Wescott,swescott5i@plala.or.jp,2.859.415-2,+598 97 973 390,1951-12-06,Turista
200,Nicko,Hultberg,nhultberg5j@nbcnews.com,4.430.267-9,+598 96 982 598,1995-04-14,Turista
201,Dianemarie,Dutt,ddutt5k@jiathis.com,2.577.831-8,+598 98 838 021,1990-06-30,Agricultor
202,Inglis,Hamon,ihamon5l@comcast.net,6.618.837-0,+598 96 675 473,1996-04-28,Turista
203,Domenic,Hullah,dhullah5m@google.com.hk,257.497-5,+598 92 905 108,1962-01-10,Agricultor
204,Shanie,MacAllester,smacallester5n@apple.com,2.647.526-8,+598 91 329 146,1954-07-16,Turista
205,Paulo,Klessmann,pklessmann5o@drupal.org,6.244.135-6,+598 99 215 401,1982-06-26,Agricultor
206,Desiree,Yea,dyea5p@vimeo.com,1.331.998-9,+598 90 668 376,1961-03-23,Turista
207,Jada,Fussell,jfussell5q@wikimedia.org,2.573.611-3,+598 90 962 450,1987-09-01,Turista
208,Helli,Barkley,hbarkley5r@123-reg.co.uk,4.735.863-8,+598 92 394 084,1997-09-17,Agricultor
209,Joni,Settle,jsettle5s@bloglovin.com,1.592.338-6,+598 94 735 605,1978-02-21,Agricultor
210,Natalina,Koubek,nkoubek5t@youku.com,4.643.741-4,+598 98 353 778,1985-06-30,Turista
211,Dianne,Cullrford,dcullrford5u@amazon.de,3.416.139-2,+598 99 092 191,1951-04-07,Agricultor
212,Laetitia,Leech,lleech5v@usgs.gov,4.532.519-8,+598 95 381 188,1961-09-10,Turista
213,Moe,Mertin,mmertin5w@booking.com,2.226.250-6,+598 93 598 234,1973-10-01,Turista
214,Eb,Trolley,etrolley5x@topsy.com,265.765-3,+598 94 416 927,1987-11-17,Agricultor
215,Brandi,Thorrington,bthorrington5y@java.com,667.782-2,+598 98 700 827,2001-06-03,Turista
216,Agnes,Tunnock,atunnock5z@ihg.com,4.380.367-9,+598 98 291 700,1985-04-15,Agricultor
217,Mela,Ballsdon,mballsdon60@cdbaby.com,5.473.839-2,+598 95 041 519,1998-09-17,Turista
218,Frederica,McElree,fmcelree61@examiner.com,4.967.600-5,+598 91 678 161,1992-05-04,Turista
219,Kaycee,Helkin,khelkin62@photobucket.com,3.824.757-6,+598 99 060 211,1966-11-18,Turista
220,Cyndi,Rainton,crainton63@va.gov,1.377.569-7,+598 90 403 692,1974-01-07,Agricultor
221,Gibb,Breawood,gbreawood64@washingtonpost.com,6.470.239-2,+598 93 997 909,1954-08-30,Turista
222,Paxon,Salway,psalway65@wunderground.com,404.350-8,+598 97 932 523,2000-12-15,Turista
223,Mercie,Garwill,mgarwill66@ca.gov,5.828.429-6,+598 94 048 997,1973-04-18,Turista
224,Lindsay,Ferguson,lferguson67@sitemeter.com,2.212.557-9,+598 91 570 545,1970-04-29,Agricultor
225,Mel,Attaway,mattaway68@google.cn,5.248.357-5,+598 97 077 016,1973-03-06,Agricultor
226,Kaile,Nowland,knowland69@bravesites.com,136.928-8,+598 97 525 430,2003-07-02,Agricultor
227,Emery,Jimenez,ejimenez6a@amazon.de,3.432.819-5,+598 94 844 351,2002-05-27,Turista
228,Andrea,Seres,aseres6b@bloglovin.com,5.828.483-0,+598 93 419 384,1953-11-19,Agricultor
229,Alfonso,Bangham,abangham6c@themeforest.net,6.471.778-9,+598 94 280 623,1969-03-27,Turista
230,Marti,Thorogood,mthorogood6d@alibaba.com,631.519-4,+598 99 549 903,1957-07-23,Turista
231,Zared,Casterot,zcasterot6e@tiny.cc,6.432.493-7,+598 91 408 482,1967-12-08,Agricultor
232,Paddy,Wonfor,pwonfor6f@wired.com,6.282.418-2,+598 98 232 426,1973-09-02,Agricultor
233,Harv,Lindeboom,hlindeboom6g@time.com,2.708.168-6,+598 98 377 613,1983-05-18,Turista
234,Nedda,Paling,npaling6h@wikia.com,5.394.302-6,+598 97 582 816,2005-10-11,Turista
235,Hannie,Akenhead,hakenhead6i@flickr.com,2.719.129-5,+598 98 709 301,1993-11-06,Turista
236,Calla,Skally,cskally6j@bloglines.com,5.472.597-1,+598 94 538 835,1997-10-28,Agricultor
237,Mariska,Aynsley,maynsley6k@guardian.co.uk,2.998.981-0,+598 94 721 072,1951-04-26,Agricultor
238,Seth,Whiteoak,swhiteoak6l@adobe.com,3.840.953-5,+598 97 354 621,1977-02-14,Turista
239,Audy,Bromwich,abromwich6m@tamu.edu,2.682.359-7,+598 96 033 028,1992-08-28,Agricultor
240,Gretal,McWhinnie,gmcwhinnie6n@nydailynews.com,6.547.999-7,+598 92 956 351,1968-01-31,Agricultor
241,Willie,Ricks,wricks6o@typepad.com,1.973.534-8,+598 92 586 198,1981-01-08,Agricultor
242,Cozmo,Pennycook,cpennycook6p@cam.ac.uk,5.365.279-2,+598 96 760 262,1965-04-21,Agricultor
243,Wylma,Pretty,wpretty6q@yandex.ru,4.348.749-3,+598 98 082 690,1956-09-24,Turista
244,Serena,Dmiterko,sdmiterko6r@i2i.jp,5.568.796-2,+598 94 425 237,2000-05-07,Turista
245,Gregoor,Duchenne,gduchenne6s@bandcamp.com,6.837.653-4,+598 98 293 866,2001-08-23,Agricultor
246,Nicolea,Fawckner,nfawckner6t@gmpg.org,3.758.243-3,+598 90 931 340,1986-01-07,Turista
247,Aurea,Wattam,awattam6u@wiley.com,1.750.436-3,+598 98 298 342,1993-09-11,Turista
248,Devan,Strapp,dstrapp6v@gravatar.com,4.733.505-8,+598 94 979 407,1957-07-31,Turista
249,Paddie,Richter,prichter6w@hubpages.com,3.854.525-2,+598 91 351 429,1961-06-23,Agricultor
250,Maribeth,Scarasbrick,mscarasbrick6x@angelfire.com,1.591.685-5,+598 98 755 919,1967-07-16,Agricultor
251,Georgeanne,Srutton,gsrutton6y@blog.com,2.753.829-0,+598 96 168 645,1959-12-06,Agricultor
252,Dulcine,Dumphy,ddumphy6z@goo.gl,2.280.503-8,+598 97 630 091,2002-03-30,Turista
253,Roger,Cayzer,rcayzer70@youtube.com,4.391.557-2,+598 99 335 533,1996-12-09,Turista
254,Dolly,Longega,dlongega71@ovh.net,2.877.903-2,+598 94 705 884,1957-12-23,Agricultor
255,Bennett,Garland,bgarland72@intel.com,3.564.364-3,+598 96 331 162,1986-01-23,Agricultor
256,Torr,Eseler,teseler73@soup.io,1.541.596-8,+598 97 694 010,1994-11-26,Turista
257,Hunter,Shoesmith,hshoesmith74@omniture.com,4.780.861-9,+598 96 071 115,1970-08-23,Turista
258,Dian,Magister,dmagister75@deviantart.com,6.297.817-2,+598 92 650 473,1998-01-28,Agricultor
259,Keefer,Collidge,kcollidge76@printfriendly.com,5.363.802-8,+598 93 788 129,1997-04-04,Turista
260,Stacy,Guierre,sguierre77@hexun.com,2.224.497-5,+598 93 661 399,1955-10-23,Turista
261,Yale,Macauley,ymacauley78@wunderground.com,1.815.385-2,+598 98 252 240,1951-09-06,Turista
262,Osbourn,Palphreyman,opalphreyman79@opera.com,3.381.907-3,+598 98 437 621,1968-09-11,Turista
263,Gwenette,McCurtain,gmccurtain7a@usatoday.com,1.568.337-2,+598 92 935 730,1980-02-16,Agricultor
264,Georgetta,Burehill,gburehill7b@seattletimes.com,4.330.144-9,+598 97 465 447,1968-08-28,Agricultor
265,Odille,Foye,ofoye7c@xrea.com,6.810.590-8,+598 90 096 037,1996-09-18,Agricultor
266,Odella,Willshaw,owillshaw7d@nytimes.com,2.807.994-6,+598 92 256 539,1952-02-24,Turista
267,Milena,Mell,mmell7e@pagesperso-orange.fr,3.384.941-0,+598 95 104 849,1951-09-07,Agricultor
268,Jermaine,Piddocke,jpiddocke7f@arizona.edu,2.642.997-6,+598 93 423 404,1983-07-25,Turista
269,Elianore,O'Dea,eodea7g@springer.com,3.846.107-5,+598 90 315 089,1996-04-11,Agricultor
270,Zoe,Couldwell,zcouldwell7h@marriott.com,5.790.706-9,+598 95 270 655,1971-08-14,Turista
271,Adelina,Margerison,amargerison7i@linkedin.com,3.697.431-4,+598 99 616 285,1971-02-09,Agricultor
272,Rici,Petroff,rpetroff7j@auda.org.au,416.493-1,+598 99 215 041,1988-07-25,Agricultor
273,Kirstyn,Sesons,ksesons7k@umn.edu,1.758.173-4,+598 91 393 882,1985-01-27,Agricultor
274,Krissie,Glauber,kglauber7l@booking.com,325.211-6,+598 94 119 714,1994-06-28,Turista
275,Mona,Torbet,mtorbet7m@mozilla.com,3.844.793-9,+598 99 754 648,1989-10-10,Agricultor
276,Gaye,Bessent,gbessent7n@deviantart.com,1.170.813-5,+598 98 197 800,1993-08-04,Turista
277,Christophe,Izakovitz,cizakovitz7o@harvard.edu,1.644.607-6,+598 96 973 304,2004-03-10,Agricultor
278,Phineas,Birkmyr,pbirkmyr7p@unc.edu,3.952.820-7,+598 92 528 516,1987-01-04,Agricultor
279,Armand,Denisovich,adenisovich7q@taobao.com,2.848.266-4,+598 92 756 151,2002-12-09,Agricultor
280,Kariotta,Craxford,kcraxford7r@washington.edu,5.963.150-9,+598 99 617 626,2001-04-03,Turista
281,Mufi,Firebrace,mfirebrace7s@kickstarter.com,4.436.323-7,+598 98 806 643,1954-09-20,Agricultor
282,Karen,Bryson,kbryson7t@mysql.com,3.905.164-7,+598 99 204 288,1970-04-21,Turista
283,Sibelle,Muschette,smuschette7u@wikipedia.org,4.254.669-8,+598 91 720 567,1966-09-20,Agricultor
284,Gray,Branwhite,gbranwhite7v@bluehost.com,1.422.743-9,+598 93 302 375,1957-03-29,Agricultor
285,York,Knapman,yknapman7w@themeforest.net,1.555.546-6,+598 93 672 461,1963-04-12,Agricultor
286,Vikki,Edgson,vedgson7x@rediff.com,6.798.463-2,+598 94 796 585,1969-05-11,Agricultor
287,Katusha,Bogue,kbogue7y@umn.edu,6.977.286-2,+598 99 686 412,2002-07-06,Agricultor
288,Gisella,Asman,gasman7z@foxnews.com,492.359-3,+598 95 427 340,2000-11-06,Turista
289,Kerry,Ravenhills,kravenhills80@skype.com,5.688.321-6,+598 95 699 396,1990-05-25,Agricultor
290,Gorden,Conyer,gconyer81@chicagotribune.com,3.633.636-9,+598 99 279 238,1956-12-02,Turista
291,Nannette,O'Cahill,nocahill82@phpbb.com,353.661-0,+598 96 904 677,1955-01-23,Agricultor
292,Shela,Grayshan,sgrayshan83@ameblo.jp,5.211.132-4,+598 97 692 302,1969-01-11,Turista
293,Violet,Arkle,varkle84@bloglovin.com,2.796.115-9,+598 93 710 549,1964-04-11,Turista
294,Rudd,Woodroof,rwoodroof85@nifty.com,5.253.562-2,+598 97 211 241,1975-03-11,Turista
295,Aloysia,Episcopi,aepiscopi86@amazon.co.uk,5.414.141-2,+598 91 547 295,1959-05-07,Agricultor
296,Sherm,Foskin,sfoskin87@wordpress.com,4.199.742-8,+598 93 040 633,1954-05-26,Agricultor
297,Noe,Philipp,nphilipp88@time.com,3.509.227-3,+598 96 959 630,1973-12-18,Agricultor
298,Etheline,Ianne,eianne89@dropbox.com,3.876.305-5,+598 96 587 878,1986-01-01,Agricultor
299,Sallyanne,Kepe,skepe8a@yandex.ru,4.919.701-9,+598 90 165 240,1972-11-22,Agricultor
300,Elaina,De Ruggiero,ederuggiero8b@discovery.com,1.505.162-8,+598 95 529 374,1952-06-03,Turista
301,Hershel,Stanesby,hstanesby8c@google.co.uk,6.306.167-1,+598 99 177 165,1983-06-15,Agricultor
302,Jami,Applebee,japplebee8d@yahoo.com,864.646-4,+598 93 843 220,2004-12-08,Turista
303,Pedro,Lacroutz,placroutz8e@constantcontact.com,4.906.960-4,+598 94 382 129,1986-11-23,Agricultor
304,Lawry,Cadany,lcadany8f@state.gov,264.990-2,+598 97 329 127,1997-12-09,Turista
305,Hynda,Crimpe,hcrimpe8g@canalblog.com,1.344.251-1,+598 98 776 517,1955-01-18,Agricultor
306,Monroe,Pancost,mpancost8h@webnode.com,6.552.368-1,+598 98 904 914,1972-09-09,Agricultor
307,Loy,Awmack,lawmack8i@symantec.com,5.816.877-3,+598 98 254 943,1992-04-08,Agricultor
308,Jasmina,Ovesen,jovesen8j@icio.us,6.127.581-3,+598 98 294 408,1956-05-20,Agricultor
309,Thornton,Weson,tweson8k@blogs.com,5.852.542-7,+598 91 490 456,1963-01-20,Turista
310,Odille,Bette,obette8l@wikia.com,6.447.873-9,+598 92 848 208,1967-06-24,Turista
311,Talbert,Baude,tbaude8m@about.me,4.406.228-2,+598 96 772 064,1989-11-29,Agricultor
312,Audre,Kos,akos8n@timesonline.co.uk,2.162.437-6,+598 97 260 227,1989-03-18,Agricultor
313,Baily,Rosewarne,brosewarne8o@is.gd,5.177.219-7,+598 96 989 031,1980-03-09,Agricultor
314,Rodolph,Greathead,rgreathead8p@walmart.com,2.758.753-1,+598 90 651 641,1964-05-08,Turista
315,Mercie,Boylan,mboylan8q@eventbrite.com,6.104.709-5,+598 96 555 193,1998-10-05,Agricultor
316,Windham,Creighton,wcreighton8r@vk.com,3.870.127-0,+598 96 219 140,2001-10-11,Agricultor
317,Meggie,McSorley,mmcsorley8s@webs.com,5.459.321-2,+598 90 083 203,2001-01-15,Agricultor
318,Francois,Lammenga,flammenga8t@answers.com,6.148.903-2,+598 90 990 379,1951-07-15,Agricultor
319,Nikolos,Creeboe,ncreeboe8u@xinhuanet.com,6.858.586-1,+598 92 058 664,1958-01-27,Agricultor
320,Town,Dudlestone,tdudlestone8v@tuttocitta.it,2.912.955-4,+598 91 603 646,1959-05-04,Turista
321,Gearalt,Durban,gdurban8w@comsenz.com,2.932.215-6,+598 95 468 013,1998-12-10,Agricultor
322,Cori,Arrighi,carrighi8x@cnbc.com,5.768.576-8,+598 92 365 772,1991-06-16,Turista
323,Flint,Danilovic,fdanilovic8y@123-reg.co.uk,6.915.922-9,+598 97 481 289,1977-08-11,Turista
324,Joell,Skeeles,jskeeles8z@dedecms.com,2.628.944-1,+598 98 979 986,1996-12-16,Turista
325,Brynne,Crowche,bcrowche90@ameblo.jp,6.330.837-6,+598 97 367 381,2003-07-15,Turista
326,Glynis,Lampett,glampett91@nymag.com,3.133.680-1,+598 94 559 473,2003-02-15,Agricultor
327,Ashley,Brahams,abrahams92@washington.edu,3.911.766-1,+598 90 905 506,1955-08-19,Turista
328,Max,Kellart,mkellart93@constantcontact.com,5.181.767-8,+598 92 697 867,2000-05-30,Turista
329,Marylynne,Whaymand,mwhaymand94@nydailynews.com,2.704.144-4,+598 98 732 326,1979-12-05,Turista
330,Amelina,Meddemmen,ameddemmen95@telegraph.co.uk,481.515-7,+598 98 760 129,2006-01-14,Agricultor
331,Rubia,Joyson,rjoyson96@who.int,4.779.424-6,+598 92 614 506,1955-11-10,Turista
332,Madge,Theobalds,mtheobalds97@un.org,1.857.629-4,+598 99 065 381,1951-05-01,Turista
333,Audry,Pantecost,apantecost98@sfgate.com,4.415.207-2,+598 98 156 431,1994-10-05,Turista
334,Fionnula,Charley,fcharley99@ebay.com,5.393.765-6,+598 92 599 334,2003-05-21,Turista
335,Yancey,McNeil,ymcneil9a@mozilla.org,3.803.392-0,+598 98 603 701,1963-04-03,Turista
336,Thurstan,Kingsnode,tkingsnode9b@studiopress.com,633.470-5,+598 98 504 729,1954-01-11,Turista
337,Krystal,Crowch,kcrowch9c@bloomberg.com,2.154.652-4,+598 92 021 164,1978-01-08,Turista
338,Murray,McSporrin,mmcsporrin9d@hao123.com,4.354.963-7,+598 98 080 475,1959-08-22,Turista
339,Anthony,Byles,abyles9e@ovh.net,1.829.703-4,+598 96 270 527,2002-02-19,Turista
340,Corella,Hadlow,chadlow9f@unc.edu,1.244.453-8,+598 92 491 160,1977-07-13,Turista
341,Una,Tompion,utompion9g@un.org,5.368.813-6,+598 97 677 708,1973-01-09,Agricultor
342,Amalie,Kienl,akienl9h@reference.com,1.969.834-7,+598 97 571 795,1976-08-27,Agricultor
343,Jerry,Ninnoli,jninnoli9i@narod.ru,276.662-9,+598 96 031 689,1988-05-07,Agricultor
344,Lucilia,Cadell,lcadell9j@globo.com,6.109.773-8,+598 95 372 546,1992-07-28,Agricultor
345,Cletis,Rymell,crymell9k@istockphoto.com,3.865.123-0,+598 92 917 030,1959-08-18,Agricultor
346,Erv,Burress,eburress9l@bluehost.com,1.912.564-9,+598 99 055 341,1955-12-09,Agricultor
347,Siward,Garvey,sgarvey9m@mozilla.com,5.323.502-3,+598 98 581 324,1983-03-10,Turista
348,Britteny,Espinha,bespinha9n@cafepress.com,6.706.283-4,+598 98 164 022,1991-03-07,Agricultor
349,Ettie,Bauman,ebauman9o@nifty.com,3.392.332-1,+598 95 986 663,1983-09-03,Agricultor
350,Trenna,Abby,tabby9p@prweb.com,3.149.149-7,+598 96 402 198,1999-07-11,Agricultor
351,Kayne,Prise,kprise9q@samsung.com,136.255-0,+598 93 791 532,1958-08-28,Turista
352,Esdras,Layman,elayman9r@unesco.org,6.633.770-9,+598 94 163 068,1978-03-18,Turista
353,Jackie,Baldi,jbaldi9s@parallels.com,5.491.937-0,+598 92 479 192,1981-05-03,Agricultor
354,Jasmina,Wethered,jwethered9t@constantcontact.com,2.998.681-2,+598 98 052 859,1976-08-27,Turista
355,Gunner,Woffenden,gwoffenden9u@myspace.com,3.406.815-6,+598 91 925 927,1981-02-22,Turista
356,Rowan,Lindberg,rlindberg9v@paypal.com,6.461.988-9,+598 97 598 274,1999-11-01,Agricultor
357,Shandie,Renn,srenn9w@1688.com,3.160.578-0,+598 92 542 075,1991-06-17,Agricultor
358,Salvidor,Artiss,sartiss9x@fotki.com,2.380.335-0,+598 96 144 887,1994-03-02,Agricultor
359,Corilla,Fairham,cfairham9y@opera.com,3.838.646-2,+598 91 980 810,1986-04-07,Turista
360,Danella,Drew,ddrew9z@arizona.edu,6.196.970-9,+598 93 199 207,1996-08-26,Agricultor
361,Rayna,Egginson,regginsona0@github.io,5.278.240-8,+598 97 947 041,1963-03-10,Turista
362,Theodora,Veck,tvecka1@xing.com,6.537.892-2,+598 90 752 568,1960-12-05,Turista
363,Tova,Dumsday,tdumsdaya2@lycos.com,6.931.762-5,+598 96 452 651,1993-01-09,Turista
364,Roseanne,Mogey,rmogeya3@merriam-webster.com,2.933.102-9,+598 90 951 240,1965-01-29,Agricultor
365,Elaina,Tunesi,etunesia4@cnn.com,6.857.533-6,+598 91 842 894,1990-04-24,Turista
366,Emera,Skirling,eskirlinga5@bloglovin.com,4.570.495-7,+598 97 657 436,1999-07-18,Agricultor
367,Barn,Emmet,bemmeta6@businessinsider.com,4.406.429-4,+598 96 297 409,1986-10-22,Turista
368,Suzie,Doni,sdonia7@shutterfly.com,5.139.335-7,+598 96 251 036,1967-02-16,Turista
369,Lorraine,Mordue,lmorduea8@photobucket.com,1.838.454-7,+598 96 566 708,1984-11-03,Turista
370,Consuelo,Phillcox,cphillcoxa9@state.gov,6.388.916-3,+598 96 871 500,1975-09-24,Turista
371,Jolyn,Androletti,jandrolettiaa@moonfruit.com,3.767.168-6,+598 91 975 715,1979-01-18,Agricultor
372,Cordy,Phethean,cphetheanab@latimes.com,5.400.409-7,+598 91 986 932,1998-05-26,Turista
373,Gabie,Oseman,gosemanac@hibu.com,5.473.583-5,+598 91 601 210,1997-11-18,Turista
374,Jinny,Gunson,jgunsonad@sciencedaily.com,2.122.560-4,+598 95 729 345,1996-05-24,Agricultor
375,Angelica,de Amaya,adeamayaae@europa.eu,171.734-6,+598 97 314 448,1980-07-23,Agricultor
376,Elianore,Wingfield,ewingfieldaf@yahoo.com,5.858.647-5,+598 91 665 237,1982-11-24,Agricultor
377,Ed,Forst,eforstag@yale.edu,5.361.762-4,+598 96 228 291,1968-01-18,Agricultor
378,Ginevra,Lazar,glazarah@mayoclinic.com,1.501.686-4,+598 99 923 400,1968-09-01,Turista
379,Chrisy,Thebeaud,cthebeaudai@berkeley.edu,2.891.113-6,+598 91 683 780,1952-02-11,Agricultor
380,Darcey,Mawditt,dmawdittaj@newsvine.com,2.744.593-0,+598 94 394 002,1977-11-07,Agricultor
381,Elita,Burgess,eburgessak@clickbank.net,2.969.697-8,+598 92 795 049,1995-05-18,Agricultor
382,Tildi,Killick,tkillickal@wsj.com,826.469-8,+598 94 599 798,1960-11-22,Agricultor
383,Lorilee,Houson,lhousonam@dailymail.co.uk,4.525.349-0,+598 90 439 757,1986-09-09,Turista
384,Merwyn,Boughen,mboughenan@issuu.com,439.562-7,+598 94 539 715,1976-05-25,Agricultor
385,Carole,Cory,ccoryao@pagesperso-orange.fr,4.609.654-2,+598 95 653 932,1953-10-16,Turista
386,Clark,Du Pre,cdupreap@parallels.com,165.748-8,+598 92 515 031,1970-05-04,Agricultor
387,Yolane,Howse,yhowseaq@princeton.edu,2.884.638-5,+598 93 682 340,1969-11-22,Agricultor
388,Brady,Liddall,bliddallar@nymag.com,1.651.648-7,+598 96 695 190,1996-03-27,Turista
389,Alica,Mosconi,amosconias@disqus.com,2.860.881-6,+598 94 568 033,1993-01-09,Turista
390,Hedvige,Pikesley,hpikesleyat@51.la,180.761-7,+598 98 854 512,1984-05-29,Agricultor
391,Derron,Haylands,dhaylandsau@php.net,1.525.219-7,+598 92 940 244,1967-11-03,Agricultor
392,Bernadene,Riccio,briccioav@prlog.org,4.601.120-0,+598 92 959 705,1968-04-02,Turista
393,Morry,Dowrey,mdowreyaw@wikipedia.org,5.464.605-8,+598 94 974 278,1959-06-04,Turista
394,Anatola,Chimienti,achimientiax@webmd.com,5.950.949-4,+598 95 597 537,1967-04-10,Agricultor
395,Joanna,Spicer,jspiceray@nsw.gov.au,2.233.783-0,+598 93 078 475,1955-03-27,Agricultor
396,Linus,London,llondonaz@marketwatch.com,476.562-9,+598 97 092 360,1967-08-02,Agricultor
397,Brittani,Eschalette,beschaletteb0@google.ru,6.440.648-3,+598 95 586 641,1964-11-30,Turista
398,Genvieve,Haliburn,ghaliburnb1@webnode.com,3.594.715-6,+598 95 448 670,2000-11-23,Agricultor
399,Fionna,Ottery,fotteryb2@yelp.com,4.643.371-8,+598 97 229 944,1967-10-12,Turista
400,Ann,Beachem,abeachemb3@pbs.org,4.837.204-0,+598 92 835 882,1983-10-27,Turista
401,Liana,Starcks,lstarcksb4@tinypic.com,2.214.226-7,+598 96 982 526,1952-09-30,Agricultor
402,Shandeigh,Goforth,sgoforthb5@walmart.com,3.596.631-9,+598 91 407 160,1990-02-06,Agricultor
403,Shellysheldon,Scone,ssconeb6@hc360.com,2.838.508-0,+598 90 332 637,1965-06-10,Agricultor
404,Kendra,Auchinleck,kauchinleckb7@google.es,2.375.760-4,+598 93 311 568,1988-04-12,Agricultor
405,Catlee,Frewer,cfrewerb8@admin.ch,1.868.855-8,+598 91 699 217,1973-06-24,Agricultor
406,Ira,Vieyra,ivieyrab9@vinaora.com,2.473.408-8,+598 92 100 998,1967-11-24,Agricultor
407,Darbie,Purdey,dpurdeyba@devhub.com,764.294-6,+598 98 589 671,2006-09-24,Turista
408,Emery,Elsley,eelsleybb@google.cn,4.510.772-1,+598 96 075 515,1996-02-21,Agricultor
409,Sancho,Heningam,sheningambc@ed.gov,4.282.185-5,+598 97 517 841,1991-01-07,Turista
410,Patricio,Rego,pregobd@state.tx.us,165.115-0,+598 90 420 877,1990-02-10,Turista
411,Cherey,Brownell,cbrownellbe@unblog.fr,1.282.299-8,+598 96 556 671,1965-11-17,Turista
412,Thadeus,Pottinger,tpottingerbf@cnet.com,517.649-3,+598 93 487 681,1987-06-24,Agricultor
413,Lara,Beall,lbeallbg@prweb.com,3.100.792-3,+598 90 408 377,1990-11-01,Turista
414,Syd,Khidr,skhidrbh@cdbaby.com,2.104.387-8,+598 90 641 592,1980-02-05,Turista
415,Harley,Mico,hmicobi@free.fr,1.837.874-4,+598 91 336 612,1963-10-23,Agricultor
416,Veronique,Maingot,vmaingotbj@tinyurl.com,5.114.108-9,+598 93 998 704,1968-01-24,Turista
417,Jeffy,Gautrey,jgautreybk@imgur.com,3.808.880-0,+598 98 802 545,1995-07-08,Turista
418,Michele,Baudet,mbaudetbl@hp.com,6.793.686-7,+598 94 989 217,1987-11-16,Agricultor
419,Isidoro,Riddiough,iriddioughbm@yandex.ru,4.280.645-2,+598 96 261 870,1970-03-28,Agricultor
420,Lia,Deadman,ldeadmanbn@utexas.edu,3.736.941-2,+598 96 199 500,1987-01-08,Turista
421,Bondy,Akeherst,bakeherstbo@ft.com,5.495.650-3,+598 98 183 173,1982-07-31,Turista
422,Truda,Doble,tdoblebp@fotki.com,5.570.328-4,+598 91 854 785,1962-06-28,Agricultor
423,Rebecka,Benois,rbenoisbq@theguardian.com,4.553.994-1,+598 96 314 637,1973-06-05,Turista
424,Lorrin,Dorn,ldornbr@intel.com,414.216-6,+598 93 328 274,1984-11-06,Turista
425,Edgard,Ludye,eludyebs@spotify.com,4.894.532-8,+598 90 484 420,1954-06-13,Agricultor
426,Jen,Bulle,jbullebt@yellowbook.com,3.826.685-5,+598 91 345 630,1980-11-14,Agricultor
427,Katharyn,Kaplin,kkaplinbu@dot.gov,1.957.889-0,+598 99 882 427,1982-07-29,Turista
428,Wallis,Beale,wbealebv@cmu.edu,4.482.489-3,+598 93 291 959,2004-03-05,Agricultor
429,Marietta,Kentish,mkentishbw@dedecms.com,2.192.797-5,+598 91 410 959,1977-04-26,Turista
430,Arne,Hawyes,ahawyesbx@soundcloud.com,2.743.589-9,+598 92 024 493,1976-01-10,Agricultor
431,Ernaline,Abisetti,eabisettiby@forbes.com,6.136.807-7,+598 98 299 849,1994-03-02,Agricultor
432,Luciano,Mathely,lmathelybz@jiathis.com,6.284.593-3,+598 93 416 845,1973-10-04,Turista
433,Gayle,McCluskey,gmccluskeyc0@msu.edu,811.480-8,+598 92 706 965,1993-11-24,Agricultor
434,Josefa,Shorrock,jshorrockc1@go.com,1.563.331-4,+598 94 467 832,1951-02-09,Turista
435,Brnaby,Bassil,bbassilc2@canalblog.com,1.468.422-2,+598 94 582 211,1997-12-05,Turista
436,Beckie,Todd,btoddc3@businesswire.com,4.834.775-4,+598 98 061 072,1985-02-03,Turista
437,Sancho,Vasiltsov,svasiltsovc4@google.it,6.483.966-1,+598 97 996 577,2000-05-10,Agricultor
438,Marla,Darey,mdareyc5@berkeley.edu,3.226.171-7,+598 99 378 744,1997-10-16,Agricultor
439,Bree,McSweeney,bmcsweeneyc6@usnews.com,6.181.831-4,+598 90 669 759,1972-01-11,Turista
440,Elia,Gasquoine,egasquoinec7@eventbrite.com,4.382.387-4,+598 90 414 879,2004-05-12,Turista
441,Farrel,Taphouse,ftaphousec8@drupal.org,3.764.818-3,+598 91 118 462,1954-05-23,Turista
442,Salvador,Caplis,scaplisc9@who.int,4.637.599-8,+598 91 384 274,2002-11-01,Turista
443,Karel,Dolden,kdoldenca@jimdo.com,5.213.461-9,+598 95 913 910,1959-10-25,Turista
444,Kate,Dayne,kdaynecb@canalblog.com,518.210-1,+598 94 789 660,1951-01-22,Turista
445,Mindy,Hens,mhenscc@google.es,6.909.403-1,+598 94 287 669,1952-02-14,Agricultor
446,Chelsea,Reisen,creisencd@drupal.org,2.591.342-7,+598 97 664 681,1957-04-19,Turista
447,Christophorus,Raynard,craynardce@odnoklassniki.ru,1.665.695-2,+598 96 349 897,1986-10-27,Agricultor
448,Verene,Jaqueminet,vjaqueminetcf@mysql.com,256.840-9,+598 97 231 023,1971-09-14,Agricultor
449,Coral,Bull,cbullcg@samsung.com,518.721-8,+598 96 081 536,2001-07-26,Turista
450,Antonella,Longfield,alongfieldch@businessweek.com,1.593.579-4,+598 98 645 890,1999-01-19,Turista
451,Rowen,Coley,rcoleyci@exblog.jp,3.183.247-7,+598 99 895 036,1959-12-01,Agricultor
452,Lottie,Martinovsky,lmartinovskycj@wikia.com,855.918-0,+598 96 415 662,1989-04-23,Agricultor
453,Torin,Jerzyk,tjerzykck@pen.io,1.246.208-1,+598 91 542 760,2003-10-13,Agricultor
454,Manda,Wayne,mwaynecl@ask.com,5.975.676-8,+598 91 454 046,1988-11-22,Turista
455,Katee,Moakler,kmoaklercm@statcounter.com,3.886.872-8,+598 95 503 506,1967-01-05,Turista
456,Devy,Petow,dpetowcn@mashable.com,532.880-0,+598 96 616 709,1955-07-13,Turista
457,Celine,Backhurst,cbackhurstco@twitter.com,5.487.860-0,+598 90 007 622,1994-07-02,Agricultor
458,Antons,Dahlgren,adahlgrencp@theatlantic.com,2.405.253-9,+598 99 298 999,1990-11-06,Agricultor
459,Bondy,Bread,bbreadcq@va.gov,5.735.178-7,+598 95 482 522,1974-08-16,Turista
460,Mayor,De Santos,mdesantoscr@bloglines.com,4.959.563-3,+598 91 702 043,1962-10-28,Turista
461,Rickert,Wight,rwightcs@yahoo.com,1.265.252-6,+598 90 505 904,1951-06-22,Turista
462,Dee dee,Rentcome,drentcomect@dropbox.com,4.700.786-9,+598 99 247 938,1996-05-17,Turista
463,Lorianne,Fieldstone,lfieldstonecu@vk.com,1.181.206-6,+598 97 137 147,1995-02-25,Agricultor
464,Regine,Shortland,rshortlandcv@thetimes.co.uk,6.909.904-0,+598 97 883 031,1965-12-29,Agricultor
465,Mano,Maryet,mmaryetcw@themeforest.net,3.174.705-2,+598 93 311 845,1993-02-21,Agricultor
466,Danita,Spragg,dspraggcx@patch.com,2.256.197-1,+598 92 782 883,1954-10-10,Turista
467,Edgard,Tufts,etuftscy@taobao.com,3.729.453-1,+598 94 169 119,1967-07-30,Turista
468,Candy,de Clerk,cdeclerkcz@imageshack.us,3.403.290-5,+598 90 656 959,2001-01-01,Turista
469,Kristin,Othen,kothend0@rediff.com,4.280.397-7,+598 98 894 880,1954-01-23,Agricultor
470,Corrie,Grieger,cgriegerd1@archive.org,4.364.936-2,+598 92 455 663,1955-04-16,Agricultor
471,Aila,Soots,asootsd2@yolasite.com,5.917.287-6,+598 94 278 368,1972-08-26,Agricultor
472,Zollie,Closs,zclossd3@census.gov,4.595.200-8,+598 96 992 879,1967-01-28,Agricultor
473,Adeline,Allwright,aallwrightd4@go.com,4.658.129-0,+598 91 760 852,1995-05-16,Agricultor
474,Orlan,Sharpin,osharpind5@unicef.org,4.192.720-2,+598 91 583 015,1961-03-02,Agricultor
475,Traci,Rolstone,trolstoned6@joomla.org,1.830.881-2,+598 97 786 616,1994-10-06,Turista
476,Robinet,de Keep,rdekeepd7@example.com,1.327.178-4,+598 93 455 607,1988-08-24,Turista
477,Woodie,Deveral,wdeverald8@netlog.com,4.930.178-1,+598 96 990 104,1976-09-13,Agricultor
478,Sinclare,Gallifont,sgallifontd9@google.cn,4.633.360-0,+598 92 540 023,1993-10-27,Turista
479,Opalina,Goneau,ogoneauda@amazon.co.uk,3.386.684-5,+598 97 918 902,1957-01-09,Agricultor
480,Eba,Decroix,edecroixdb@google.com.br,5.495.197-9,+598 97 276 009,1986-10-18,Turista
481,Raddie,Swinford,rswinforddc@unesco.org,4.790.242-8,+598 93 766 087,1995-01-09,Turista
482,Emily,Whitlock,ewhitlockdd@geocities.jp,2.163.228-5,+598 91 504 549,1951-01-29,Agricultor
483,Meredithe,Langland,mlanglandde@java.com,5.925.612-6,+598 94 109 368,1980-01-11,Turista
484,Hamil,Mackerness,hmackernessdf@jiathis.com,2.436.302-9,+598 93 783 194,1969-02-04,Turista
485,Edith,Comiskey,ecomiskeydg@si.edu,4.341.527-2,+598 94 763 302,1968-05-25,Agricultor
486,Kayley,Algore,kalgoredh@goo.ne.jp,4.887.579-1,+598 93 124 152,1959-03-13,Turista
487,Bellina,Startin,bstartindi@tinyurl.com,6.282.118-7,+598 97 429 176,1980-08-31,Turista
488,Gustavo,Giorgietto,ggiorgiettodj@arstechnica.com,1.451.565-9,+598 96 264 327,1963-04-18,Agricultor
489,Luce,Rockhall,lrockhalldk@examiner.com,3.445.416-4,+598 94 078 343,1984-01-09,Agricultor
490,Rad,Doumenc,rdoumencdl@hibu.com,2.604.646-5,+598 93 719 953,1975-06-22,Turista
491,Nicholle,Moseby,nmosebydm@cnn.com,717.761-5,+598 97 976 008,1961-10-03,Agricultor
492,Truman,Orchart,torchartdn@smugmug.com,6.638.759-7,+598 98 043 075,1970-03-31,Agricultor
493,Berry,Vella,bvellado@hubpages.com,1.852.661-3,+598 90 294 799,1996-10-12,Agricultor
494,Ellery,Diddams,ediddamsdp@naver.com,5.326.821-8,+598 95 491 821,1958-07-04,Agricultor
495,Byran,Hanshaw,bhanshawdq@walmart.com,2.480.629-6,+598 96 012 566,1997-11-17,Agricultor
496,Gare,O'Cullen,gocullendr@twitpic.com,547.237-2,+598 93 953 022,1983-06-05,Turista
497,North,Routley,nroutleyds@stanford.edu,3.300.930-7,+598 93 360 779,1965-04-22,Agricultor
498,Eileen,Reskelly,ereskellydt@statcounter.com,1.914.742-5,+598 96 490 764,1973-05-06,Turista
499,Penrod,Bellin,pbellindu@newyorker.com,2.405.717-1,+598 98 100 998,1999-04-29,Turista
500,Dwight,Lanham,dlanhamdv@usgs.gov,3.688.944-9,+598 93 394 210,1988-01-15,Agricultor
501,Dorian,Moss,dmossdw@ehow.com,4.998.304-5,+598 93 227 733,1997-07-23,Turista
502,Noak,Stuttman,nstuttmandx@accuweather.com,5.173.588-1,+598 97 599 700,1957-10-05,Turista
503,Rolando,St. Louis,rstlouisdy@paypal.com,6.513.346-6,+598 99 710 568,1979-10-30,Agricultor
504,Lanita,Domokos,ldomokosdz@apache.org,3.244.794-2,+598 90 496 750,2005-01-30,Turista
505,Allx,Lindback,alindbacke0@feedburner.com,1.413.859-0,+598 94 735 782,1959-07-22,Agricultor
506,Rafael,Gregine,rgreginee1@prlog.org,1.341.149-2,+598 92 205 111,1970-04-28,Agricultor
507,Rochell,Burbury,rburburye2@goo.gl,2.839.412-4,+598 98 564 043,1999-02-01,Agricultor
508,Forester,Lacelett,flacelette3@bandcamp.com,5.866.886-0,+598 99 559 672,1989-03-07,Agricultor
509,Fredia,Naile,fnailee4@discovery.com,900.124-6,+598 90 289 148,2004-05-09,Turista
510,Bertine,Claye,bclayee5@japanpost.jp,6.783.737-4,+598 95 718 690,1964-04-14,Turista
511,Waiter,Briars,wbriarse6@bigcartel.com,4.983.292-8,+598 97 600 737,2001-01-23,Turista
512,Austine,Clench,aclenche7@hexun.com,2.286.436-9,+598 90 045 565,1972-02-05,Turista
513,Marleen,Malcolm,mmalcolme8@constantcontact.com,3.204.739-9,+598 90 468 852,1960-09-07,Turista
514,Charlotta,Van Arsdall,cvanarsdalle9@paypal.com,5.247.132-3,+598 91 837 274,1970-07-16,Agricultor
515,Lexis,Stillert,lstillertea@ask.com,6.293.323-7,+598 96 061 729,1989-03-22,Agricultor
516,Kenna,Foale,kfoaleeb@geocities.com,2.965.506-6,+598 99 432 099,1973-08-12,Agricultor
517,Jennie,Silbersak,jsilbersakec@constantcontact.com,1.896.834-7,+598 97 465 227,1962-05-20,Agricultor
518,Karleen,de Almeida,kdealmeidaed@plala.or.jp,2.173.755-5,+598 92 364 692,1996-04-19,Agricultor
519,Philly,Di Giacomettino,pdigiacomettinoee@blogtalkradio.com,3.665.646-6,+598 98 628 691,2002-07-29,Agricultor
520,Romona,Cotilard,rcotilardef@fastcompany.com,2.627.371-9,+598 90 240 388,1957-03-23,Turista
521,Richart,MacPake,rmacpakeeg@dot.gov,2.389.973-4,+598 98 502 673,1993-08-28,Agricultor
522,Julissa,Kupis,jkupiseh@wix.com,3.318.902-3,+598 97 774 862,1983-11-20,Turista
523,Blake,Kemson,bkemsonei@mashable.com,2.733.455-2,+598 98 071 644,1967-01-23,Turista
524,Susan,Massingberd,smassingberdej@bbc.co.uk,425.132-8,+598 90 976 846,1968-01-21,Agricultor
525,Ingrid,Ferres,iferresek@army.mil,6.292.744-3,+598 94 633 849,1999-05-13,Agricultor
526,Leonanie,Remmer,lremmerel@nifty.com,6.558.102-8,+598 97 810 956,1952-11-13,Agricultor
527,Corabella,Camus,ccamusem@bloglovin.com,4.407.842-2,+598 90 389 080,1970-09-20,Agricultor
528,Verla,Spaunton,vspauntonen@yelp.com,3.919.609-6,+598 93 912 477,1957-07-15,Agricultor
529,Lorry,Jewer,ljewereo@ebay.com,3.634.972-2,+598 96 043 154,2001-08-30,Agricultor
530,Addy,Vinau,avinauep@paginegialle.it,2.437.808-3,+598 92 735 697,1961-03-23,Agricultor
531,Aldric,Mitchinson,amitchinsoneq@opensource.org,6.665.712-3,+598 99 465 647,1955-08-27,Turista
532,Mikkel,Haddock,mhaddocker@rediff.com,5.472.787-3,+598 94 085 199,2000-08-10,Turista
533,Aubrie,McEwen,amcewenes@opera.com,6.452.911-5,+598 99 189 393,1955-03-04,Turista
534,Archambault,Bastone,abastoneet@netvibes.com,755.545-6,+598 91 027 574,1987-01-31,Turista
535,Danya,Reid,dreideu@163.com,2.681.428-5,+598 90 139 974,1993-09-07,Agricultor
536,Alida,Livezley,alivezleyev@ucsd.edu,6.600.441-8,+598 92 957 646,1993-08-13,Turista
537,Ashien,Gentery,agenteryew@eepurl.com,1.461.658-3,+598 94 588 533,2000-12-24,Agricultor
538,Logan,McCome,lmccomeex@networkadvertising.org,1.821.595-9,+598 99 743 115,1959-07-30,Turista
539,Darn,Caulcott,dcaulcottey@marriott.com,5.689.117-6,+598 95 017 416,1962-10-02,Agricultor
540,Jerrie,Verna,jvernaez@businessinsider.com,3.132.581-2,+598 92 982 235,1969-03-01,Turista
541,Jordan,Beedham,jbeedhamf0@ucsd.edu,5.294.543-9,+598 96 015 459,1964-05-06,Agricultor
542,Katrina,felip,kfelipf1@comcast.net,1.113.124-6,+598 91 463 905,1961-01-17,Turista
543,Vitoria,Bennington,vbenningtonf2@eepurl.com,5.385.924-8,+598 95 657 834,1980-11-02,Agricultor
544,Carolyne,O'Shevlan,coshevlanf3@bloomberg.com,6.924.891-1,+598 96 166 793,1959-03-06,Turista
545,Winifred,Plowman,wplowmanf4@usgs.gov,2.871.917-1,+598 96 856 347,1981-06-05,Agricultor
546,Morgen,Howis,mhowisf5@sitemeter.com,1.446.146-3,+598 98 797 789,1981-05-04,Turista
547,Serene,Lockie,slockief6@harvard.edu,1.402.651-5,+598 98 511 338,1966-11-06,Turista
548,Rania,Mulholland,rmulhollandf7@deliciousdays.com,2.841.132-9,+598 99 552 078,1969-05-13,Turista
549,Lindon,Searl,lsearlf8@joomla.org,3.546.888-9,+598 96 661 792,1979-03-19,Agricultor
550,Devlin,Scrivin,dscrivinf9@wufoo.com,2.251.319-9,+598 92 156 782,1980-11-30,Turista
551,Margarita,Garci,mgarcifa@goodreads.com,6.321.161-7,+598 96 776 976,1956-11-21,Agricultor
552,Gardiner,Catherick,gcatherickfb@tuttocitta.it,6.464.794-5,+598 91 730 928,1999-12-17,Turista
553,Everard,oldey,eoldeyfc@japanpost.jp,6.827.266-4,+598 93 793 246,1966-11-10,Agricultor
554,Else,Ivanenkov,eivanenkovfd@scientificamerican.com,3.246.126-4,+598 91 633 006,2002-02-03,Agricultor
555,Caren,Del Dello,cdeldellofe@dell.com,2.123.735-8,+598 99 357 202,1995-09-28,Agricultor
556,Dareen,Biggs,dbiggsff@ucoz.com,2.999.503-4,+598 94 533 056,2001-12-21,Turista
557,Isidro,Berns,ibernsfg@huffingtonpost.com,5.669.595-7,+598 90 504 129,1960-12-07,Turista
558,Kelbee,O'Connell,koconnellfh@intel.com,1.258.831-1,+598 96 214 240,1963-07-22,Turista
559,Camile,Hryniewicz,chryniewiczfi@ca.gov,422.649-6,+598 94 361 824,1964-04-17,Turista
560,Martainn,Bultitude,mbultitudefj@bloomberg.com,2.417.336-8,+598 93 119 077,1967-05-24,Turista
561,Eydie,Dayborne,edaybornefk@cpanel.net,6.142.407-8,+598 97 743 348,1968-08-26,Turista
562,Filbert,Gorgl,fgorglfl@state.tx.us,368.654-8,+598 99 719 572,2002-07-09,Turista
563,Gates,Cosslett,gcosslettfm@intel.com,3.725.942-9,+598 97 045 364,1978-12-02,Agricultor
564,Hatti,Iorizzo,hiorizzofn@indiegogo.com,4.365.291-3,+598 91 793 354,1983-08-18,Turista
565,Lorelei,Audiss,laudissfo@gnu.org,4.302.388-2,+598 99 719 549,1984-02-12,Turista
566,Ray,Colborn,rcolbornfp@intel.com,101.503-7,+598 97 031 354,1964-10-10,Turista
567,Cam,Riddick,criddickfq@deviantart.com,2.433.160-8,+598 90 761 083,2000-06-08,Turista
568,Gussie,Hatherell,ghatherellfr@chronoengine.com,5.696.376-1,+598 99 325 241,1991-09-22,Turista
569,Gilburt,Cremin,gcreminfs@dedecms.com,1.647.897-3,+598 93 008 978,1974-09-27,Turista
570,Gleda,Bulfield,gbulfieldft@oaic.gov.au,4.844.702-1,+598 91 420 217,1970-06-28,Turista
571,Alfi,Marder,amarderfu@engadget.com,3.105.139-8,+598 92 198 668,1998-06-28,Agricultor
572,Alyce,Self,aselffv@etsy.com,5.766.872-4,+598 90 301 751,1995-11-14,Agricultor
573,Ignaz,Nequest,inequestfw@oakley.com,1.327.293-9,+598 93 591 471,1993-09-02,Turista
574,Lucia,Mitten,lmittenfx@whitehouse.gov,3.509.238-8,+598 96 485 194,1999-06-17,Agricultor
575,Floris,Monahan,fmonahanfy@gravatar.com,5.232.879-4,+598 97 124 429,1955-04-16,Agricultor
576,Dew,Eginton,degintonfz@walmart.com,419.789-1,+598 96 940 806,1998-08-09,Agricultor
577,Kristel,Klampk,kklampkg0@mapquest.com,4.688.919-1,+598 96 196 561,2006-08-22,Agricultor
578,Silvanus,Scurrey,sscurreyg1@bbb.org,1.924.246-1,+598 90 055 662,1967-04-12,Turista
579,Jeanie,Gonnet,jgonnetg2@delicious.com,1.866.606-6,+598 94 642 737,1976-09-06,Turista
580,Shannan,Comini,scominig3@yellowbook.com,400.107-1,+598 94 726 881,1952-02-14,Turista
581,Sherwin,Martins,smartinsg4@clickbank.net,2.103.416-7,+598 90 716 014,1969-08-11,Turista
582,Danya,Soot,dsootg5@usnews.com,5.454.933-1,+598 93 302 231,1996-08-29,Turista
583,Kinny,Olliar,kolliarg6@wisc.edu,344.158-8,+598 93 826 951,1997-05-03,Agricultor
584,Gonzales,Leed,gleedg7@spotify.com,1.604.527-6,+598 97 190 006,2005-12-31,Agricultor
585,Othelia,Kinneally,okinneallyg8@sciencedirect.com,3.527.946-2,+598 95 621 393,1993-04-14,Agricultor
586,Tucky,Harriday,tharridayg9@dailymotion.com,6.966.784-7,+598 94 125 686,1966-10-30,Turista
587,Arty,Dingsdale,adingsdalega@slate.com,2.815.988-6,+598 94 913 861,1988-09-21,Agricultor
588,Russ,Erskine Sandys,rerskinesandysgb@bloglines.com,2.490.699-8,+598 94 078 403,1962-01-25,Turista
589,Bev,Kingsley,bkingsleygc@trellian.com,1.105.337-1,+598 90 060 177,1966-11-16,Agricultor
590,Rebe,Guerrazzi,rguerrazzigd@prweb.com,1.831.736-9,+598 98 225 106,1981-03-24,Turista
591,Jecho,Laurenson,jlaurensonge@washingtonpost.com,1.858.337-9,+598 95 021 508,2001-01-31,Agricultor
592,Melosa,Cancelier,mcanceliergf@devhub.com,479.456-8,+598 90 947 395,2005-10-09,Agricultor
593,Arley,Hamon,ahamongg@ebay.com,2.245.843-1,+598 95 372 441,1987-04-02,Turista
594,Ava,Christy,achristygh@fda.gov,4.943.656-3,+598 97 235 994,1982-08-09,Turista
595,Gabrielle,Ecclesall,gecclesallgi@free.fr,6.128.289-3,+598 95 281 358,1985-08-07,Agricultor
596,Nomi,Youd,nyoudgj@google.nl,131.207-7,+598 90 132 277,1993-09-21,Turista
597,Rora,Domerq,rdomerqgk@google.com.au,6.395.669-6,+598 99 806 344,1969-08-29,Agricultor
598,Lorita,Challenger,lchallengergl@go.com,1.111.983-8,+598 91 775 134,1985-07-06,Turista
599,Eydie,Hamfleet,ehamfleetgm@fema.gov,375.582-7,+598 94 476 309,1969-03-30,Turista
600,Dennis,Hort,dhortgn@google.fr,4.201.509-5,+598 99 066 163,1991-04-08,Agricultor
601,Reuben,Mathan,rmathango@miitbeian.gov.cn,828.805-6,+598 90 937 116,1970-07-08,Agricultor
602,Jermaine,Iorns,jiornsgp@uiuc.edu,5.726.251-3,+598 94 188 382,1975-07-19,Agricultor
603,Giacomo,Chattoe,gchattoegq@artisteer.com,3.309.159-7,+598 98 587 679,1980-11-12,Turista
604,Nils,Sleigh,nsleighgr@woothemes.com,841.292-8,+598 94 167 079,1978-09-16,Turista
605,Gill,Oxenbury,goxenburygs@about.com,1.955.930-3,+598 98 123 309,1954-03-11,Turista
606,Adrian,Ezzy,aezzygt@cyberchimps.com,1.292.372-9,+598 94 795 243,1969-01-20,Agricultor
607,Barnaby,Priestnall,bpriestnallgu@tuttocitta.it,682.318-5,+598 99 991 318,1965-01-17,Turista
608,Ewan,Madgett,emadgettgv@imgur.com,5.101.313-6,+598 97 069 914,1993-11-05,Agricultor
609,Perceval,Matteotti,pmatteottigw@friendfeed.com,3.805.281-6,+598 98 483 094,1956-02-26,Agricultor
610,Dorolisa,Wannes,dwannesgx@europa.eu,5.828.812-9,+598 99 663 925,1966-01-13,Turista
611,Keane,Golightly,kgolightlygy@blinklist.com,5.541.570-8,+598 97 725 854,1999-04-27,Turista
612,Janna,Kornousek,jkornousekgz@infoseek.co.jp,6.856.326-5,+598 95 692 897,1991-11-04,Turista
613,Kaile,Dreelan,kdreelanh0@biglobe.ne.jp,3.871.587-8,+598 95 841 784,1959-02-08,Agricultor
614,Clerkclaude,Hallmark,challmarkh1@yale.edu,3.871.400-1,+598 99 817 848,1969-09-13,Turista
615,Shaun,Biddleston,sbiddlestonh2@twitter.com,4.141.504-1,+598 93 490 322,1989-02-27,Agricultor
616,Vail,Eldridge,veldridgeh3@harvard.edu,3.693.791-5,+598 90 818 767,1971-04-14,Turista
617,Denny,Zincke,dzinckeh4@skyrock.com,6.313.102-3,+598 93 227 170,1973-01-01,Turista
618,Elva,Wigmore,ewigmoreh5@t.co,5.485.363-4,+598 92 578 921,1972-10-01,Agricultor
619,Kissiah,Chittie,kchittieh6@usatoday.com,5.556.254-1,+598 94 619 451,1961-04-25,Turista
620,Pacorro,Bucksey,pbuckseyh7@buzzfeed.com,5.568.523-6,+598 95 302 189,2000-12-02,Turista
621,Nydia,Woollends,nwoollendsh8@abc.net.au,6.694.434-7,+598 98 973 010,1978-04-28,Turista
622,Gisele,Donke,gdonkeh9@storify.com,5.506.461-9,+598 93 139 035,2001-04-03,Turista
623,Bondon,Leinthall,bleinthallha@taobao.com,4.705.725-8,+598 96 940 282,1958-01-26,Turista
624,Coop,Coldrick,ccoldrickhb@hp.com,4.798.101-1,+598 97 238 568,1984-11-14,Turista
625,Lorelei,Petow,lpetowhc@oaic.gov.au,4.829.445-3,+598 99 737 837,1964-05-07,Turista
626,Dorey,Cromley,dcromleyhd@sohu.com,2.527.339-3,+598 99 103 028,1953-08-13,Turista
627,Clyde,Stammer,cstammerhe@mtv.com,3.619.600-5,+598 98 749 789,1961-11-27,Turista
628,Minni,Marshall,mmarshallhf@wikispaces.com,4.968.769-0,+598 94 246 142,2001-05-02,Agricultor
629,Mozes,Boschmann,mboschmannhg@jugem.jp,4.158.817-5,+598 90 827 556,1970-04-22,Turista
630,Levon,Dykes,ldykeshh@flickr.com,4.322.288-6,+598 92 225 399,1951-05-03,Turista
631,Kristofer,Glasner,kglasnerhi@seattletimes.com,5.286.623-2,+598 97 440 399,1966-09-22,Agricultor
632,Peder,Blucher,pblucherhj@cdc.gov,353.728-8,+598 90 204 951,1969-08-30,Turista
633,Candie,Casson,ccassonhk@blogs.com,3.126.172-8,+598 92 019 702,2002-10-08,Agricultor
634,Zach,Rawe,zrawehl@yellowbook.com,3.660.124-4,+598 92 585 164,2001-11-06,Turista
635,Merline,Chipchase,mchipchasehm@stanford.edu,2.757.671-3,+598 94 619 778,2006-07-11,Turista
636,Aurel,McCalister,amccalisterhn@barnesandnoble.com,6.290.231-1,+598 95 755 367,1963-11-07,Turista
637,Rogerio,Gibbon,rgibbonho@youku.com,3.338.210-9,+598 92 647 654,1984-11-17,Agricultor
638,Hamil,Rostern,hrosternhp@howstuffworks.com,1.410.804-5,+598 98 412 275,1996-11-28,Turista
639,Bendix,Maber,bmaberhq@mozilla.org,3.764.192-9,+598 92 403 566,1990-12-07,Turista
640,Kittie,Kuscha,kkuschahr@zdnet.com,5.233.137-2,+598 99 723 942,1968-06-28,Turista
641,Valera,Charette,vcharettehs@wufoo.com,2.929.887-5,+598 93 014 475,1967-06-09,Agricultor
642,Clare,Van Leijs,cvanleijsht@ucsd.edu,2.911.957-1,+598 95 832 047,1976-10-06,Agricultor
643,Irv,Rimmington,irimmingtonhu@nifty.com,159.831-9,+598 95 615 429,1993-03-09,Agricultor
644,Leonhard,Spilsted,lspilstedhv@seesaa.net,433.810-6,+598 93 541 324,1970-11-03,Turista
645,Leodora,Novello,lnovellohw@businessweek.com,6.372.370-3,+598 95 696 596,1994-09-11,Turista
646,Moll,Beckmann,mbeckmannhx@theguardian.com,5.699.121-0,+598 95 706 711,1977-07-29,Agricultor
647,Prisca,Rihanek,prihanekhy@purevolume.com,4.206.658-0,+598 97 913 677,1975-01-18,Turista
648,Lamar,Culver,lculverhz@paypal.com,6.694.877-0,+598 93 912 234,1962-08-02,Agricultor
649,Gabriello,Harhoff,gharhoffi0@mlb.com,711.391-3,+598 99 096 884,2005-03-19,Turista
650,Curt,Plunkett,cplunketti1@twitter.com,100.504-5,+598 92 753 318,1978-08-28,Agricultor
651,Mella,Halshaw,mhalshawi2@topsy.com,1.859.429-1,+598 91 394 818,1975-01-17,Agricultor
652,Cordell,Tuke,ctukei3@unicef.org,2.992.950-0,+598 93 290 016,1951-08-15,Turista
653,Becka,Parkins,bparkinsi4@xrea.com,4.168.271-7,+598 90 935 917,1969-01-30,Turista
654,Maxy,Weeks,mweeksi5@blog.com,6.435.412-9,+598 94 837 293,1980-10-19,Turista
655,Fina,Ingerson,fingersoni6@merriam-webster.com,2.800.602-2,+598 94 329 399,1962-05-25,Turista
656,Akim,Extall,aextalli7@amazonaws.com,2.787.350-9,+598 98 605 352,1980-07-07,Turista
657,Lorene,Winkett,lwinketti8@wikia.com,545.454-8,+598 91 150 685,1972-01-02,Turista
658,Zachariah,Skokoe,zskokoei9@mail.ru,3.833.277-5,+598 96 513 099,1995-08-30,Agricultor
659,Weber,Winridge,wwinridgeia@mashable.com,471.608-3,+598 98 004 586,1957-03-04,Turista
660,Rafaela,Gant,rgantib@irs.gov,1.190.809-7,+598 95 522 827,1972-07-10,Agricultor
661,Panchito,Mitcheson,pmitchesonic@rakuten.co.jp,406.848-3,+598 94 590 597,1969-06-02,Turista
662,Giovanni,Slixby,gslixbyid@istockphoto.com,1.353.932-3,+598 97 387 981,1973-07-04,Agricultor
663,Annadiane,Harrington,aharringtonie@bandcamp.com,6.927.683-3,+598 99 013 584,1995-09-20,Turista
664,Sanson,Ondricek,sondricekif@narod.ru,2.521.326-9,+598 97 663 041,1984-09-12,Agricultor
665,Leandra,Dresser,ldresserig@tripadvisor.com,6.639.702-2,+598 99 524 337,1958-06-30,Turista
666,Flossi,Formigli,fformigliih@nps.gov,3.714.952-2,+598 98 844 497,1953-11-18,Turista
667,Warde,Chubb,wchubbii@odnoklassniki.ru,108.810-8,+598 96 374 623,1979-03-25,Turista
668,Peggi,Twamley,ptwamleyij@fc2.com,1.982.696-0,+598 90 167 926,1979-11-22,Turista
669,Tera,Constant,tconstantik@blinklist.com,4.569.836-2,+598 92 997 991,2001-10-01,Turista
670,Witty,Wrankmore,wwrankmoreil@reverbnation.com,928.445-0,+598 94 144 377,1988-10-30,Turista
671,Earl,Hoggins,ehogginsim@desdev.cn,344.234-5,+598 98 034 574,1954-08-07,Agricultor
672,Yvette,O'Dea,yodeain@myspace.com,3.804.140-4,+598 93 899 399,1964-03-27,Agricultor
673,Clerkclaude,Breton,cbretonio@paypal.com,2.589.852-9,+598 98 549 735,1981-05-03,Turista
674,Blaine,Barney,bbarneyip@ocn.ne.jp,4.315.148-6,+598 97 269 035,1981-07-15,Agricultor
675,Anthiathia,Licas,alicasiq@ox.ac.uk,5.935.620-3,+598 91 341 467,1951-08-24,Agricultor
676,Lothaire,Burnie,lburnieir@twitter.com,5.372.855-8,+598 95 691 817,1984-05-14,Turista
677,Herschel,Schottli,hschottliis@springer.com,6.623.453-1,+598 90 103 213,1966-01-31,Turista
678,Glynnis,Meates,gmeatesit@myspace.com,770.774-8,+598 96 525 597,1991-06-29,Agricultor
679,Bertina,Kinsella,bkinsellaiu@topsy.com,5.771.136-5,+598 93 081 629,1992-10-10,Agricultor
680,Melosa,Ekins,mekinsiv@newsvine.com,1.968.910-1,+598 94 045 127,1998-01-29,Agricultor
681,Yasmeen,Kolin,ykoliniw@weibo.com,1.938.873-7,+598 91 238 864,1991-10-17,Agricultor
682,Mattheus,Lambswood,mlambswoodix@wordpress.com,433.596-3,+598 99 479 456,1984-11-29,Agricultor
683,Fredelia,Keyhoe,fkeyhoeiy@slashdot.org,660.771-8,+598 93 260 302,1993-03-21,Agricultor
684,Bernie,Gaskill,bgaskilliz@nps.gov,5.353.223-7,+598 90 864 045,1980-11-04,Agricultor
685,Bentlee,Whanstall,bwhanstallj0@irs.gov,2.912.185-7,+598 94 824 200,1983-01-11,Turista
686,Auberon,Skatcher,askatcherj1@washingtonpost.com,5.121.115-3,+598 91 602 019,1968-05-10,Agricultor
687,Stephenie,Netting,snettingj2@rambler.ru,2.256.382-7,+598 95 525 004,1991-08-01,Agricultor
688,Morena,Bondesen,mbondesenj3@goo.ne.jp,2.815.666-2,+598 93 711 016,1980-01-16,Turista
689,Grazia,MacCurlye,gmaccurlyej4@cbsnews.com,1.192.262-0,+598 99 253 265,1962-10-29,Agricultor
690,Adrianne,Faye,afayej5@bigcartel.com,3.289.825-9,+598 99 243 505,2003-09-16,Turista
691,Gertrudis,Pohl,gpohlj6@marriott.com,4.553.623-0,+598 98 759 774,1988-08-12,Turista
692,Krystle,Dibling,kdiblingj7@bigcartel.com,450.641-2,+598 92 940 107,2003-12-30,Turista
693,Brennen,Mabbott,bmabbottj8@list-manage.com,4.345.519-6,+598 97 714 247,1972-09-08,Turista
694,Ginny,Bruna,gbrunaj9@intel.com,4.314.693-5,+598 97 461 387,1991-01-02,Agricultor
695,Bern,Chelley,bchelleyja@gravatar.com,3.104.821-2,+598 99 920 480,2001-02-01,Turista
696,Mable,Heimes,mheimesjb@prweb.com,5.566.370-0,+598 99 379 816,1964-03-07,Turista
697,Leesa,Gurr,lgurrjc@prweb.com,2.752.892-4,+598 91 155 733,1971-06-11,Turista
698,Base,Dishman,bdishmanjd@berkeley.edu,3.408.606-0,+598 98 993 938,1988-05-07,Agricultor
699,Vivi,Jenks,vjenksje@diigo.com,3.797.473-2,+598 90 858 476,1965-05-24,Turista
700,Robena,Butterfill,rbutterfilljf@state.gov,3.825.689-6,+598 90 167 102,1979-03-04,Agricultor
701,Tabbie,Mizen,tmizenjg@networkadvertising.org,4.944.599-7,+598 94 415 469,1955-03-17,Agricultor
702,Shel,Raccio,sracciojh@unicef.org,1.997.918-2,+598 90 997 167,2005-06-08,Agricultor
703,Hermy,Sheffield,hsheffieldji@statcounter.com,2.172.448-6,+598 91 010 395,1998-04-01,Turista
704,Alethea,Gorrissen,agorrissenjj@wikipedia.org,5.636.463-6,+598 91 596 784,2001-07-29,Turista
705,Clayton,Raggatt,craggattjk@over-blog.com,3.419.162-8,+598 97 160 609,2000-11-15,Turista
706,Dante,Seacombe,dseacombejl@ovh.net,1.715.753-4,+598 98 289 562,1964-09-08,Agricultor
707,Ariadne,Bonifas,abonifasjm@usda.gov,5.327.890-3,+598 99 478 719,1955-07-14,Agricultor
708,Rab,Tomasoni,rtomasonijn@google.co.uk,1.194.407-8,+598 91 577 565,1986-12-05,Agricultor
709,Sib,Elkington,selkingtonjo@google.cn,4.723.743-6,+598 93 193 020,1998-01-26,Agricultor
710,Saundra,Beedell,sbeedelljp@amazon.de,3.246.346-6,+598 95 898 306,1955-10-20,Turista
711,Faythe,Spreadbury,fspreadburyjq@microsoft.com,5.529.670-5,+598 96 478 255,1974-09-05,Turista
712,Wally,Ommundsen,wommundsenjr@meetup.com,951.312-9,+598 94 502 462,1969-08-08,Agricultor
713,Corene,Cumber,ccumberjs@chron.com,2.477.867-2,+598 94 192 272,1957-02-13,Turista
714,Gianna,Collelton,gcolleltonjt@cdbaby.com,217.818-0,+598 96 133 445,1957-07-30,Turista
715,Carrol,Burle,cburleju@nbcnews.com,3.577.247-6,+598 98 260 571,2003-08-26,Agricultor
716,Barris,Olech,bolechjv@geocities.com,3.301.250-1,+598 91 623 482,1996-07-01,Turista
717,Livvyy,Arnault,larnaultjw@privacy.gov.au,4.209.348-2,+598 99 965 661,2000-08-09,Turista
718,Dav,Bartolomeu,dbartolomeujx@icio.us,4.668.815-6,+598 92 064 024,1964-06-09,Turista
719,Matteo,Paal,mpaaljy@archive.org,5.108.859-7,+598 90 748 202,1991-05-18,Agricultor
720,Rayshell,Hasely,rhaselyjz@cocolog-nifty.com,5.813.340-0,+598 94 630 611,1957-02-26,Turista
721,Tibold,Scuse,tscusek0@indiegogo.com,1.405.480-6,+598 94 823 483,1983-11-13,Turista
722,Roxi,Zelley,rzelleyk1@ning.com,4.431.705-9,+598 93 997 593,2005-03-12,Turista
723,Inger,Curteis,icurteisk2@a8.net,6.482.908-0,+598 94 936 882,1964-10-08,Turista
724,Cy,Rego,cregok3@dailymotion.com,5.979.625-4,+598 90 669 020,1975-01-07,Turista
725,Kylie,Idale,kidalek4@purevolume.com,6.258.958-4,+598 91 508 940,1969-11-27,Turista
726,Tannie,Hubber,thubberk5@nsw.gov.au,1.730.134-3,+598 93 356 386,1955-09-19,Agricultor
727,Lonny,Durnin,ldurnink6@sciencedirect.com,1.676.932-6,+598 98 176 620,1960-07-28,Agricultor
728,Alexis,Cuppleditch,acuppleditchk7@chronoengine.com,5.595.901-8,+598 96 485 664,1981-04-06,Turista
729,Ian,Guillart,iguillartk8@sitemeter.com,3.463.720-4,+598 98 751 643,1969-12-10,Turista
730,Geoff,Dredge,gdredgek9@last.fm,4.884.797-4,+598 96 560 713,1955-11-08,Turista
731,Maurice,Lavens,mlavenska@walmart.com,860.786-3,+598 93 178 419,1982-07-17,Agricultor
732,Godfree,Scourge,gscourgekb@wikimedia.org,6.720.289-6,+598 90 942 522,1955-09-10,Turista
733,Merna,Mauchline,mmauchlinekc@google.de,1.823.351-6,+598 92 181 911,1969-08-15,Turista
734,Faunie,Eisig,feisigkd@opera.com,2.731.574-6,+598 94 946 005,1973-07-14,Agricultor
735,Holden,Godfrey,hgodfreyke@linkedin.com,6.229.322-1,+598 93 032 509,1978-07-09,Turista
736,Horace,Northbridge,hnorthbridgekf@google.ca,1.770.330-5,+598 92 505 036,1962-11-06,Turista
737,Cordie,Woodford,cwoodfordkg@spiegel.de,5.326.432-6,+598 97 651 028,1973-03-29,Agricultor
738,Muffin,Balasin,mbalasinkh@dell.com,1.932.616-5,+598 93 483 757,1975-04-02,Agricultor
739,Jaquelyn,Camm,jcammki@google.com.hk,4.561.619-8,+598 91 341 121,2006-08-05,Turista
740,Cyndia,Burchett,cburchettkj@nydailynews.com,2.614.964-9,+598 97 520 396,1970-09-26,Turista
741,Cy,Whetland,cwhetlandkk@mozilla.org,4.395.979-3,+598 98 165 673,1994-11-04,Turista
742,Courtenay,Lankham,clankhamkl@imdb.com,1.962.433-2,+598 98 354 412,2001-11-09,Turista
743,Justino,McElhinney,jmcelhinneykm@un.org,6.804.981-9,+598 97 827 008,1962-06-14,Agricultor
744,Julian,Goodread,jgoodreadkn@washington.edu,1.471.558-4,+598 99 005 187,1985-05-31,Turista
745,Silvie,Brinsford,sbrinsfordko@pinterest.com,3.104.144-9,+598 95 917 018,1967-05-12,Turista
746,Elmo,Osselton,eosseltonkp@icq.com,3.802.232-2,+598 96 899 765,2006-02-02,Turista
747,Joan,Brozsset,jbrozssetkq@fda.gov,3.282.421-0,+598 93 084 724,2006-04-14,Turista
748,Felita,Worgen,fworgenkr@fda.gov,1.493.281-5,+598 98 490 209,1956-07-29,Turista
749,Luisa,Lillgard,llillgardks@weebly.com,2.137.543-0,+598 95 300 457,1951-04-17,Turista
750,Aldwin,Youle,ayoulekt@jiathis.com,5.685.700-3,+598 98 154 741,1978-06-01,Turista
751,Elbertine,Britney,ebritneyku@indiegogo.com,655.182-8,+598 93 585 536,2005-05-11,Agricultor
752,Riane,Grizard,rgrizardkv@fastcompany.com,4.737.919-8,+598 94 010 224,1955-01-09,Agricultor
753,Kenyon,O'Mullally,komullallykw@livejournal.com,5.549.724-3,+598 93 722 495,1964-04-05,Turista
754,Nikkie,Daouse,ndaousekx@mapy.cz,5.104.358-3,+598 96 824 699,1995-11-02,Agricultor
755,Guglielmo,Portwain,gportwainky@un.org,853.160-9,+598 95 051 398,1970-07-03,Turista
756,Anita,Grimme,agrimmekz@plala.or.jp,883.563-9,+598 98 283 774,1956-09-30,Turista
757,Tatiana,Barabich,tbarabichl0@telegraph.co.uk,1.604.831-4,+598 92 962 943,2006-07-16,Agricultor
758,Annabel,Mycroft,amycroftl1@rediff.com,2.802.597-7,+598 92 459 754,1957-06-21,Turista
759,Noell,Foltin,nfoltinl2@tuttocitta.it,5.777.720-1,+598 98 045 360,1981-07-24,Turista
760,Jacklyn,Popeley,jpopeleyl3@liveinternet.ru,1.775.283-0,+598 94 482 677,1992-02-03,Turista
761,Anne-corinne,Ranner,arannerl4@barnesandnoble.com,1.158.865-2,+598 98 906 840,1989-12-11,Agricultor
762,Lona,Jeroch,ljerochl5@pbs.org,170.416-4,+598 93 136 643,1980-08-24,Agricultor
763,Godfry,Rivallant,grivallantl6@tripadvisor.com,2.986.126-1,+598 90 331 221,1988-03-09,Agricultor
764,Desmond,Schubert,dschubertl7@bigcartel.com,842.346-2,+598 96 567 701,1972-03-12,Agricultor
765,Zachery,Van der Kruijs,zvanderkruijsl8@pinterest.com,5.279.418-3,+598 97 738 018,1974-06-04,Agricultor
766,Milty,Conradsen,mconradsenl9@xing.com,414.740-9,+598 90 209 396,1974-02-28,Agricultor
767,Jessalin,Marquess,jmarquessla@xinhuanet.com,3.775.990-2,+598 90 182 648,2004-02-02,Turista
768,Lissi,Bareford,lbarefordlb@disqus.com,4.687.164-8,+598 94 889 580,1984-03-28,Turista
769,Martie,Skeffington,mskeffingtonlc@furl.net,6.796.177-8,+598 99 823 732,1978-08-02,Agricultor
770,Gordon,Girardot,ggirardotld@nbcnews.com,1.768.183-8,+598 96 230 791,1969-03-19,Agricultor
771,Georgeanna,Brettel,gbrettelle@sina.com.cn,4.650.771-6,+598 97 107 342,1977-07-10,Agricultor
772,Adrea,Sherrell,asherrelllf@businessinsider.com,6.211.143-2,+598 95 472 610,1982-08-19,Agricultor
773,Mandy,Tilley,mtilleylg@delicious.com,1.710.850-3,+598 95 779 998,1989-04-02,Agricultor
774,Kort,Ruos,kruoslh@techcrunch.com,6.595.569-6,+598 98 536 101,1994-01-10,Agricultor
775,Karlie,Bodycomb,kbodycombli@fc2.com,5.445.726-8,+598 96 721 317,2005-01-17,Turista
776,Lorene,Vitte,lvittelj@nyu.edu,2.543.592-8,+598 97 292 958,2006-07-29,Agricultor
777,Benita,Gile,bgilelk@foxnews.com,6.638.525-9,+598 99 365 609,1967-01-03,Turista
778,Kelly,Mogey,kmogeyll@weebly.com,1.887.826-9,+598 99 296 949,1965-06-24,Turista
779,Axe,Clewes,acleweslm@shop-pro.jp,5.266.578-7,+598 99 079 053,1986-06-19,Turista
780,Nadeen,McCoid,nmccoidln@boston.com,1.345.826-2,+598 96 822 382,1974-05-18,Agricultor
781,Camila,Conklin,cconklinlo@deliciousdays.com,1.512.584-8,+598 90 978 410,1993-01-19,Agricultor
782,Annalee,Grunwald,agrunwaldlp@reddit.com,2.275.308-3,+598 96 107 975,1995-07-19,Agricultor
783,Jed,Thomson,jthomsonlq@huffingtonpost.com,5.704.760-6,+598 98 037 881,2001-03-04,Agricultor
784,Letta,Beumant,lbeumantlr@gov.uk,6.360.718-5,+598 95 078 120,1955-02-26,Agricultor
785,Guillema,Sprey,gspreyls@rediff.com,2.268.305-3,+598 97 494 205,2003-07-04,Turista
786,Coleman,McLanaghan,cmclanaghanlt@china.com.cn,5.204.743-9,+598 91 037 615,1955-06-03,Agricultor
787,Charmain,Wigmore,cwigmorelu@seattletimes.com,5.567.583-0,+598 99 798 446,1993-02-10,Turista
788,Clo,Christin,cchristinlv@ycombinator.com,4.726.511-2,+598 98 479 736,1956-08-11,Agricultor
789,Thaine,Watton,twattonlw@skyrock.com,3.824.732-2,+598 97 546 915,1982-11-02,Agricultor
790,Clo,Beeden,cbeedenlx@hugedomains.com,5.384.766-4,+598 99 878 233,1973-10-15,Agricultor
791,Arty,Battany,abattanyly@xing.com,629.292-7,+598 93 958 836,1972-02-04,Agricultor
792,Felipa,Waterstone,fwaterstonelz@plala.or.jp,3.623.334-1,+598 91 620 222,2004-05-27,Turista
793,Kerby,Castillo,kcastillom0@craigslist.org,1.803.105-4,+598 93 701 330,1985-10-24,Turista
794,Michaella,Winear,mwinearm1@cbc.ca,3.783.320-7,+598 99 556 477,1981-09-03,Turista
795,Valeda,Henken,vhenkenm2@reference.com,5.904.908-2,+598 90 010 692,1959-03-26,Agricultor
796,Sander,Baldery,sbalderym3@prnewswire.com,973.655-5,+598 95 080 956,2003-06-12,Turista
797,Neils,Faley,nfaleym4@quantcast.com,4.334.599-9,+598 95 184 879,2006-03-23,Agricultor
798,Katusha,Danit,kdanitm5@networksolutions.com,2.867.651-5,+598 97 792 741,1963-01-24,Turista
799,Nanni,Wolfenden,nwolfendenm6@e-recht24.de,3.836.234-6,+598 97 055 894,1962-01-24,Agricultor
800,Sigismund,Tissier,stissierm7@smugmug.com,6.291.478-5,+598 97 180 302,1977-02-18,Agricultor
801,Shellie,Walewicz,swalewiczm8@slashdot.org,1.380.955-6,+598 97 561 995,2005-09-10,Agricultor
802,Elissa,Hanney,ehanneym9@cdc.gov,1.346.405-3,+598 93 183 930,1996-05-16,Agricultor
803,Chrissy,Pilsworth,cpilsworthma@addtoany.com,5.463.285-4,+598 95 371 879,1970-09-11,Agricultor
804,Avivah,Pulhoster,apulhostermb@studiopress.com,6.604.184-7,+598 97 943 167,1985-06-08,Agricultor
805,Base,Spittles,bspittlesmc@desdev.cn,6.480.203-7,+598 98 288 530,1977-05-30,Turista
806,Doll,Semaine,dsemainemd@wikimedia.org,982.801-7,+598 92 975 446,1989-05-22,Agricultor
807,Florida,Patters,fpattersme@fc2.com,3.384.455-0,+598 95 712 710,1971-07-12,Turista
808,Ansley,Jerrom,ajerrommf@whitehouse.gov,4.843.581-8,+598 93 811 210,1999-05-10,Agricultor
809,Alister,Vanderplas,avanderplasmg@sbwire.com,2.962.417-3,+598 98 987 443,1951-07-26,Turista
810,Eryn,Wildblood,ewildbloodmh@theglobeandmail.com,1.251.540-7,+598 93 582 879,1967-08-24,Turista
811,Eachelle,Crannage,ecrannagemi@vinaora.com,5.348.312-2,+598 93 506 968,1989-07-01,Turista
812,Crawford,Eakins,ceakinsmj@unblog.fr,1.712.293-2,+598 96 981 221,1961-11-01,Turista
813,Nicky,Jandourek,njandourekmk@pcworld.com,2.310.404-7,+598 98 185 274,1975-08-20,Turista
814,Vivien,Marques,vmarquesml@seesaa.net,6.808.114-8,+598 93 047 690,1989-11-21,Turista
815,Phedra,Tomasi,ptomasimm@chicagotribune.com,3.769.466-0,+598 96 830 043,1982-05-10,Turista
816,Oliy,Baldwin,obaldwinmn@dailymotion.com,6.377.472-0,+598 95 384 201,1954-09-23,Turista
817,Sofie,Dudney,sdudneymo@noaa.gov,4.884.656-8,+598 98 081 749,1970-05-09,Agricultor
818,Vanna,Thunderchief,vthunderchiefmp@hubpages.com,6.143.789-8,+598 92 001 394,1970-10-24,Agricultor
819,Karyn,Moles,kmolesmq@icq.com,4.426.307-3,+598 91 886 214,1987-05-25,Agricultor
820,Maia,Littell,mlittellmr@nasa.gov,411.769-1,+598 96 348 171,1955-04-12,Agricultor
821,Tracy,Ayling,taylingms@stumbleupon.com,3.800.649-2,+598 91 537 364,2002-10-31,Agricultor
822,Creigh,Burley,cburleymt@newyorker.com,2.277.302-3,+598 97 029 095,2002-01-01,Turista
823,Anselm,Casillas,acasillasmu@si.edu,4.345.722-1,+598 93 241 159,2001-06-25,Turista
824,Bartholomeus,Gladtbach,bgladtbachmv@sakura.ne.jp,100.511-3,+598 96 821 361,1984-05-17,Turista
825,Pierrette,Dust,pdustmw@pcworld.com,3.568.790-1,+598 98 764 652,2002-02-04,Agricultor
826,Hertha,Eyckelberg,heyckelbergmx@amazon.com,1.147.223-6,+598 97 713 270,1968-05-21,Agricultor
827,Gray,Shivell,gshivellmy@nasa.gov,5.112.277-2,+598 97 469 788,1965-07-19,Turista
828,Lynette,Elijah,lelijahmz@comsenz.com,3.773.583-1,+598 97 356 924,1951-05-13,Turista
829,Ofilia,Imlin,oimlinn0@artisteer.com,6.406.336-6,+598 96 517 633,1998-09-11,Agricultor
830,Kennith,Betham,kbethamn1@surveymonkey.com,1.886.926-1,+598 95 740 207,1971-07-26,Agricultor
831,Nikolas,Rosoni,nrosonin2@google.cn,2.381.529-0,+598 94 354 069,1953-10-01,Agricultor
832,Skylar,Delmage,sdelmagen3@usa.gov,243.753-9,+598 97 218 658,1959-05-16,Agricultor
833,Stevie,Aguilar,saguilarn4@marketwatch.com,1.864.434-1,+598 95 140 236,1954-10-25,Agricultor
834,Nikki,Peak,npeakn5@webeden.co.uk,5.459.723-8,+598 90 406 900,2003-06-02,Turista
835,Goober,Pirazzi,gpirazzin6@mit.edu,2.532.947-3,+598 99 257 555,1985-10-22,Agricultor
836,Pegeen,Brecknock,pbrecknockn7@europa.eu,2.236.429-8,+598 95 055 089,1961-11-12,Agricultor
837,Keri,Badman,kbadmann8@squidoo.com,2.312.951-2,+598 98 630 929,1994-07-16,Agricultor
838,Desiri,Hobble,dhobblen9@msn.com,3.941.251-2,+598 91 293 529,1969-04-21,Turista
839,Brooke,Mowlam,bmowlamna@loc.gov,5.627.525-9,+598 93 282 739,1995-06-11,Agricultor
840,Reagen,Kepling,rkeplingnb@alibaba.com,5.174.594-3,+598 94 615 910,1999-02-08,Agricultor
841,Wade,Heber,whebernc@eepurl.com,5.210.943-8,+598 91 905 610,1969-03-01,Agricultor
842,Araldo,Northrop,anorthropnd@army.mil,3.983.916-5,+598 93 196 224,1969-10-24,Turista
843,Knox,Janny,kjannyne@histats.com,1.664.587-4,+598 98 543 746,1989-07-05,Agricultor
844,Purcell,Pessolt,ppessoltnf@tmall.com,4.622.284-2,+598 94 599 879,1990-01-22,Turista
845,Noak,Maffucci,nmaffuccing@arstechnica.com,3.944.267-1,+598 91 437 797,2005-12-05,Agricultor
846,Nicolai,Ratke,nratkenh@nsw.gov.au,2.329.958-1,+598 99 894 680,1953-07-13,Turista
847,Billie,Scarrisbrick,bscarrisbrickni@indiegogo.com,4.499.176-6,+598 99 667 583,1974-09-13,Agricultor
848,Gran,Barstowk,gbarstowknj@europa.eu,6.569.171-8,+598 93 854 695,1975-04-17,Agricultor
849,Kiel,Chelley,kchelleynk@w3.org,5.613.505-5,+598 92 188 317,1966-11-04,Agricultor
850,Consuelo,Howison,chowisonnl@thetimes.co.uk,1.337.406-5,+598 97 277 561,1975-04-21,Turista
851,Nicoli,Betterton,nbettertonnm@deviantart.com,6.902.920-0,+598 93 487 490,1983-01-25,Agricultor
852,Emogene,Lindholm,elindholmnn@utexas.edu,1.605.825-4,+598 96 981 464,1973-12-12,Turista
853,Jeth,Inch,jinchno@alexa.com,5.968.862-3,+598 99 646 989,1951-03-09,Turista
854,Eleanor,Potteridge,epotteridgenp@furl.net,4.966.851-5,+598 94 093 349,1995-11-23,Agricultor
855,Fifi,Halvosen,fhalvosennq@4shared.com,726.753-4,+598 99 084 818,1974-12-27,Agricultor
856,Burch,Clapison,bclapisonnr@sciencedaily.com,2.187.323-1,+598 98 353 348,1960-11-08,Turista
857,Natividad,Witard,nwitardns@lulu.com,1.178.968-5,+598 91 250 800,1961-08-16,Agricultor
858,Tiena,Adlington,tadlingtonnt@boston.com,2.889.982-7,+598 95 150 980,2000-08-18,Turista
859,Olwen,Fortye,ofortyenu@prnewswire.com,6.562.754-9,+598 94 669 771,2004-08-17,Turista
860,Lee,Imms,limmsnv@economist.com,1.972.205-9,+598 95 347 782,1988-04-12,Turista
861,Olia,Witheridge,owitheridgenw@weibo.com,2.830.485-2,+598 94 942 742,1997-09-07,Agricultor
862,Orrin,Infantino,oinfantinonx@sfgate.com,858.494-3,+598 95 768 148,1966-09-05,Agricultor
863,Lem,Spini,lspininy@newsvine.com,5.179.956-0,+598 97 868 078,1967-10-14,Turista
864,Ruddy,Ferrieroi,rferrieroinz@uiuc.edu,3.133.631-7,+598 90 161 519,1962-03-14,Agricultor
865,Lowe,Dumbleton,ldumbletono0@cisco.com,2.700.165-5,+598 94 825 936,1960-01-31,Turista
866,Gavra,O'Fogarty,gofogartyo1@fc2.com,6.184.282-4,+598 97 904 191,1990-09-09,Agricultor
867,Linus,Reyne,lreyneo2@tuttocitta.it,6.391.260-1,+598 93 365 060,1953-05-02,Turista
868,Dalia,Plewes,dpleweso3@nifty.com,2.456.577-6,+598 96 704 218,1971-12-11,Turista
869,Kathe,Chaves,kchaveso4@tuttocitta.it,3.640.687-5,+598 90 467 760,1995-08-14,Agricultor
870,Meredith,Suttaby,msuttabyo5@symantec.com,6.272.905-3,+598 90 708 092,1973-02-10,Agricultor
871,Rasia,Arthurs,rarthurso6@infoseek.co.jp,5.978.360-1,+598 95 254 969,1975-12-24,Agricultor
872,Patricio,Massen,pmasseno7@msn.com,5.847.843-4,+598 95 746 543,2003-06-13,Agricultor
873,Farly,Arnau,farnauo8@soup.io,1.603.512-4,+598 97 891 933,1986-06-01,Turista
874,Lil,Offen,loffeno9@tumblr.com,6.910.900-3,+598 98 178 675,1994-10-01,Turista
875,Clemmy,Audley,caudleyoa@opera.com,1.573.666-3,+598 98 361 132,1974-03-08,Turista
876,Kinna,Stefanovic,kstefanovicob@behance.net,3.970.590-1,+598 96 399 203,1979-12-22,Turista
877,Suzy,Bernardino,sbernardinooc@cornell.edu,5.717.617-8,+598 91 537 445,1997-05-29,Turista
878,Neel,Jimenez,njimenezod@elegantthemes.com,4.728.700-5,+598 98 674 200,1966-12-19,Agricultor
879,Ag,L' Estrange,alestrangeoe@de.vu,1.913.767-8,+598 93 732 387,1997-08-17,Turista
880,Von,Kolakowski,vkolakowskiof@example.com,3.944.858-7,+598 97 759 706,1990-05-03,Turista
881,Elisabetta,Chilvers,echilversog@cdbaby.com,517.658-5,+598 95 279 094,1953-12-08,Turista
882,Beaufort,Haswall,bhaswalloh@hc360.com,5.356.786-2,+598 90 623 525,1962-03-04,Turista
883,Mirilla,Badland,mbadlandoi@homestead.com,4.505.338-5,+598 92 122 848,1994-08-20,Agricultor
884,Natasha,Ravens,nravensoj@china.com.cn,4.714.152-5,+598 92 643 938,1970-09-22,Agricultor
885,Ellerey,McCallum,emccallumok@blogger.com,4.525.191-7,+598 98 299 112,1989-02-10,Turista
886,Leroi,Bramsen,lbramsenol@rakuten.co.jp,2.574.442-7,+598 96 611 177,1954-02-19,Agricultor
887,Dix,Peteri,dpeteriom@statcounter.com,4.475.343-2,+598 98 964 989,1994-07-11,Agricultor
888,Prissie,Island,pislandon@stumbleupon.com,3.255.141-2,+598 91 976 218,1985-09-12,Turista
889,Viviene,Bostick,vbostickoo@discovery.com,6.647.836-3,+598 99 445 486,1998-02-02,Turista
890,Kym,Josefs,kjosefsop@nasa.gov,132.815-1,+598 93 307 112,1972-10-10,Turista
891,Candida,Twyning,ctwyningoq@earthlink.net,6.520.421-2,+598 91 000 309,1973-10-01,Turista
892,Brandy,Domnick,bdomnickor@chron.com,4.309.207-8,+598 96 351 666,1954-04-15,Turista
893,Leigha,Smorthit,lsmorthitos@parallels.com,698.761-1,+598 98 817 400,1999-01-08,Turista
894,Iormina,Di Nisco,idiniscoot@google.co.uk,5.599.908-7,+598 99 910 964,1988-02-24,Agricultor
895,Billy,Huntingdon,bhuntingdonou@omniture.com,6.481.148-4,+598 93 977 034,1998-08-13,Turista
896,Meridel,Clempton,mclemptonov@cloudflare.com,1.428.218-9,+598 91 622 260,1958-12-15,Turista
897,Rory,Willcott,rwillcottow@mit.edu,1.485.337-7,+598 92 593 767,1955-10-28,Agricultor
898,Chick,Cornelleau,ccornelleauox@rediff.com,3.207.539-4,+598 97 177 957,1996-08-20,Turista
899,Eba,Demschke,edemschkeoy@nifty.com,1.931.465-1,+598 98 010 222,1989-10-25,Agricultor
900,Norbert,Camamill,ncamamilloz@xing.com,4.840.697-7,+598 92 465 386,1974-08-16,Turista
901,Elinor,Skelhorn,eskelhornp0@trellian.com,453.342-8,+598 94 039 849,1975-11-30,Turista
902,Kipper,Cullin,kcullinp1@illinois.edu,2.482.789-9,+598 94 548 169,1988-06-26,Agricultor
903,Rosemonde,Buckland,rbucklandp2@uiuc.edu,499.501-9,+598 95 401 163,1959-04-10,Turista
904,Raleigh,Pearman,rpearmanp3@soundcloud.com,5.857.155-9,+598 98 533 097,1986-01-12,Turista
905,Pembroke,Fildes,pfildesp4@jigsy.com,2.505.631-8,+598 90 864 010,1993-11-02,Agricultor
906,Spencer,Culverhouse,sculverhousep5@yellowpages.com,2.937.379-3,+598 91 304 483,1965-10-05,Agricultor
907,Nathanael,Kinsman,nkinsmanp6@dedecms.com,1.887.618-6,+598 96 301 525,1979-02-10,Agricultor
908,Helyn,Snoddy,hsnoddyp7@csmonitor.com,2.696.730-8,+598 96 846 714,1988-06-18,Agricultor
909,Skyler,Shorte,sshortep8@naver.com,2.412.772-5,+598 97 522 184,1981-07-29,Turista
910,Skipper,Vautier,svautierp9@theglobeandmail.com,3.461.489-4,+598 91 132 925,1998-11-23,Turista
911,Bernie,Hindshaw,bhindshawpa@independent.co.uk,6.204.843-5,+598 96 737 674,1993-12-30,Turista
912,Charmine,MacKeague,cmackeaguepb@uol.com.br,6.971.612-9,+598 94 612 236,1964-04-05,Agricultor
913,Rory,Stott,rstottpc@wp.com,6.287.509-6,+598 98 848 307,1964-12-09,Agricultor
914,Ichabod,Dufour,idufourpd@soup.io,808.524-7,+598 90 197 268,2003-01-04,Turista
915,Trumann,Hartness,thartnesspe@vistaprint.com,6.645.923-8,+598 90 310 273,1999-08-01,Agricultor
916,Avigdor,Hercock,ahercockpf@1688.com,2.415.982-9,+598 98 749 789,1955-07-16,Turista
917,Rubin,Elix,relixpg@privacy.gov.au,4.708.514-6,+598 94 683 327,1964-09-09,Agricultor
918,Franklin,Shear,fshearph@amazon.co.uk,343.373-4,+598 97 359 568,1983-01-18,Agricultor
919,Denna,Hazley,dhazleypi@google.ru,4.247.816-0,+598 98 623 551,1985-03-12,Agricultor
920,Saunders,Spoole,sspoolepj@seesaa.net,3.358.915-4,+598 92 422 340,2000-02-03,Turista
921,Franciskus,Nanni,fnannipk@jiathis.com,1.592.152-7,+598 98 380 950,1960-01-27,Turista
922,Clea,Grinvalds,cgrinvaldspl@oaic.gov.au,3.549.267-4,+598 98 058 948,1975-01-26,Turista
923,Minta,Klausewitz,mklausewitzpm@dropbox.com,3.153.750-1,+598 95 538 984,1983-03-15,Turista
924,Moyra,Belch,mbelchpn@nature.com,5.590.757-6,+598 96 062 245,1981-03-01,Turista
925,Tamqrah,Thornebarrow,tthornebarrowpo@blinklist.com,2.324.238-5,+598 91 844 781,1961-03-28,Agricultor
926,Barclay,Domanek,bdomanekpp@foxnews.com,3.503.283-9,+598 95 354 351,2005-04-04,Agricultor
927,Viki,Ciccone,vcicconepq@va.gov,2.457.530-7,+598 95 101 375,1958-04-22,Agricultor
928,Elsbeth,St. Ledger,estledgerpr@microsoft.com,3.892.913-6,+598 94 948 455,1960-03-07,Turista
929,Moise,McCurtin,mmccurtinps@narod.ru,4.370.877-0,+598 94 410 375,2001-11-14,Agricultor
930,Colby,Overpool,coverpoolpt@purevolume.com,2.409.410-8,+598 98 419 087,1956-07-22,Turista
931,Raychel,Djurdjevic,rdjurdjevicpu@surveymonkey.com,2.528.621-3,+598 97 895 010,1968-02-23,Agricultor
932,Nataniel,De Matteis,ndematteispv@myspace.com,3.137.193-4,+598 90 219 675,1979-09-14,Turista
933,Lanita,Liversedge,lliversedgepw@xinhuanet.com,4.167.846-5,+598 96 335 200,2000-09-18,Agricultor
934,Jesselyn,Edmunds,jedmundspx@ed.gov,1.997.716-9,+598 96 085 713,1980-06-17,Agricultor
935,Jerri,Khidr,jkhidrpy@issuu.com,817.620-1,+598 97 902 984,1967-07-17,Turista
936,Steward,Probat,sprobatpz@pbs.org,3.663.648-3,+598 95 721 074,1970-03-07,Turista
937,Cointon,Rattenbury,crattenburyq0@usnews.com,5.889.816-2,+598 98 541 297,1965-09-10,Turista
938,Jarrod,Baelde,jbaeldeq1@tumblr.com,5.561.344-7,+598 95 465 486,1970-09-06,Agricultor
939,Purcell,Allberry,pallberryq2@istockphoto.com,6.539.361-8,+598 93 708 969,1998-05-31,Agricultor
940,Roosevelt,Lloyds,rlloydsq3@whitehouse.gov,5.115.617-0,+598 91 316 923,1967-05-16,Agricultor
941,Donni,Barents,dbarentsq4@de.vu,6.825.797-6,+598 96 764 329,1979-09-03,Agricultor
942,Marylou,Ouldred,mouldredq5@japanpost.jp,5.781.713-9,+598 91 760 004,1998-01-26,Agricultor
943,Avrit,Sliman,aslimanq6@answers.com,2.588.989-7,+598 93 599 490,1963-06-02,Agricultor
944,Dorice,Kulis,dkulisq7@merriam-webster.com,5.915.826-9,+598 94 214 129,1989-09-09,Agricultor
945,Hallie,Kellaway,hkellawayq8@patch.com,4.876.809-5,+598 95 502 229,1986-12-27,Turista
946,Carol,Costar,ccostarq9@timesonline.co.uk,2.702.104-1,+598 99 248 028,1978-08-02,Turista
947,Brit,Honacker,bhonackerqa@webnode.com,5.124.814-5,+598 92 075 279,1982-08-09,Turista
948,Leola,Sollam,lsollamqb@biblegateway.com,3.366.724-4,+598 97 864 255,1975-06-21,Turista
949,Reidar,Freckleton,rfreckletonqc@hibu.com,1.941.465-7,+598 97 251 164,1976-04-07,Turista
950,Em,Chitson,echitsonqd@mac.com,1.903.212-0,+598 92 327 983,1963-03-08,Agricultor
951,Lenka,Vaughton,lvaughtonqe@instagram.com,4.285.709-1,+598 90 317 386,1990-07-13,Agricultor
952,Arabelle,Angless,aanglessqf@skype.com,6.627.669-3,+598 92 058 203,1953-11-28,Agricultor
953,Camile,Duberry,cduberryqg@sina.com.cn,5.456.924-4,+598 93 356 611,1961-02-19,Turista
954,Ramon,Stroyan,rstroyanqh@samsung.com,1.394.388-3,+598 93 348 460,1966-01-19,Agricultor
955,Herve,Lisciardelli,hlisciardelliqi@mapy.cz,3.151.713-4,+598 96 687 435,1993-09-18,Turista
956,Alis,Gainsboro,againsboroqj@a8.net,4.944.849-7,+598 96 997 567,1988-10-22,Agricultor
957,Gayel,Le Marchant,glemarchantqk@washington.edu,378.512-4,+598 95 336 149,1965-01-08,Agricultor
958,Del,Ordish,dordishql@google.com.au,6.328.428-0,+598 98 699 217,1965-06-09,Turista
959,Eugen,De Rechter,ederechterqm@omniture.com,5.203.588-3,+598 95 150 306,1971-03-30,Agricultor
960,Constantine,Mussard,cmussardqn@devhub.com,5.371.829-6,+598 96 837 232,1999-10-02,Agricultor
961,Toddie,Cordeix,tcordeixqo@squarespace.com,3.310.206-1,+598 97 673 802,1975-05-11,Agricultor
962,Natalee,Maeer,nmaeerqp@wufoo.com,2.294.876-5,+598 97 368 674,1968-02-22,Agricultor
963,Amerigo,Malthus,amalthusqq@yahoo.co.jp,4.599.371-7,+598 90 630 507,1992-11-06,Agricultor
964,Maria,Tease,mteaseqr@typepad.com,5.763.185-6,+598 91 092 740,1988-04-13,Turista
965,Claudelle,Darville,cdarvilleqs@state.gov,6.560.396-1,+598 92 607 498,1998-10-25,Agricultor
966,Aleta,Bilbey,abilbeyqt@shop-pro.jp,5.737.685-6,+598 99 136 712,2005-07-08,Agricultor
967,Wallie,McKeevers,wmckeeversqu@gizmodo.com,2.865.367-2,+598 96 877 245,1980-11-08,Turista
968,Sherlock,Pyner,spynerqv@statcounter.com,279.434-2,+598 96 860 335,1999-11-26,Turista
969,Oralie,Falloon,ofalloonqw@chronoengine.com,6.436.294-1,+598 92 631 282,1989-08-24,Agricultor
970,Rafe,Perrin,rperrinqx@opera.com,5.325.728-4,+598 97 438 208,1981-11-16,Agricultor
971,Koralle,Gyde,kgydeqy@miitbeian.gov.cn,6.992.215-0,+598 97 490 302,1982-06-25,Agricultor
972,Saidee,Murgatroyd,smurgatroydqz@nymag.com,1.257.343-9,+598 95 203 435,1988-03-17,Agricultor
973,Silvan,Stenning,sstenningr0@ftc.gov,3.763.643-6,+598 98 290 001,1999-07-08,Agricultor
974,Dehlia,Danshin,ddanshinr1@apple.com,1.780.238-1,+598 95 131 839,1966-10-03,Turista
975,Jan,Arnley,jarnleyr2@so-net.ne.jp,2.992.461-8,+598 97 014 664,2001-12-24,Turista
976,Natividad,Marriage,nmarriager3@rediff.com,5.659.522-1,+598 95 172 526,1998-01-05,Turista
977,Valeria,Sibbson,vsibbsonr4@narod.ru,5.200.873-9,+598 94 643 308,1969-10-11,Agricultor
978,Shaylyn,Hastelow,shastelowr5@amazon.co.uk,5.724.936-0,+598 95 196 917,1976-03-21,Turista
979,Dawn,Dalli,ddallir6@nhs.uk,4.205.563-2,+598 91 906 660,1998-03-11,Turista
980,Wynne,McLaverty,wmclavertyr7@blogs.com,4.274.505-7,+598 90 915 347,1987-03-29,Agricultor
981,Shalne,Haverty,shavertyr8@php.net,1.651.643-3,+598 96 782 585,1987-05-19,Agricultor
982,Normie,Tallent,ntallentr9@xrea.com,1.297.450-3,+598 94 933 578,1974-10-27,Turista
983,Hobart,Robus,hrobusra@tumblr.com,4.874.166-5,+598 97 635 108,1963-11-01,Agricultor
984,Marven,Macourek,mmacourekrb@ocn.ne.jp,2.809.636-8,+598 92 246 843,1967-04-27,Agricultor
985,Luz,Lethieulier,llethieulierrc@oracle.com,1.563.149-4,+598 93 739 047,1955-11-23,Turista
986,Lela,Kelby,lkelbyrd@hhs.gov,994.622-1,+598 90 650 502,1996-01-23,Turista
987,Wat,Brouard,wbrouardre@shareasale.com,3.910.734-8,+598 95 932 863,2001-04-03,Turista
988,Shanta,Rivlin,srivlinrf@usnews.com,2.556.222-0,+598 92 847 670,1977-08-14,Agricultor
989,Nolan,Goodwins,ngoodwinsrg@ask.com,814.257-7,+598 97 571 261,1991-03-23,Agricultor
990,Bertie,Blackaby,bblackabyrh@csmonitor.com,4.981.823-1,+598 92 633 259,1961-11-20,Agricultor
991,Ciel,Happel,chappelri@angelfire.com,3.652.785-2,+598 97 197 830,1987-08-02,Agricultor
992,Marris,Ruckert,mruckertrj@wufoo.com,5.716.897-8,+598 97 843 982,1959-10-30,Agricultor
993,Benoite,Trench,btrenchrk@etsy.com,6.255.528-8,+598 98 918 030,1963-02-14,Agricultor
994,Karlik,Packman,kpackmanrl@theglobeandmail.com,6.821.321-7,+598 93 932 946,1980-08-02,Agricultor
995,Carilyn,Elgy,celgyrm@epa.gov,3.552.394-5,+598 98 372 754,1966-04-05,Turista
996,Luigi,Barras,lbarrasrn@virginia.edu,3.929.584-8,+598 96 309 476,1987-06-09,Turista
997,Susanna,Ainsbury,sainsburyro@goo.gl,4.689.808-0,+598 92 213 678,1952-04-04,Agricultor
998,Viv,Dacombe,vdacomberp@lycos.com,6.446.344-6,+598 91 032 923,2002-03-14,Agricultor
999,Derward,Blevin,dblevinrq@discuz.net,4.876.786-5,+598 95 228 384,1965-05-26,Turista
1000,Sarge,Carmen,scarmenrr@4shared.com,413.737-0,+598 94 782 323,1994-08-28,Turista
